Image,object.corrected,exclusion.corrected,category.corrected,comments,from.reliability,sub_num
125938.gif,rock,NA,NA,NA,0,3856
180030.gif,bucket,NA,NA,NA,0,7959
220702.gif,hanger,NA,NA,NA,0,1566
043242.gif,juice,NA,NA,NA,0,5377
120542.gif,stairs,NA,NA,NA,0,3856
145225.gif,chair,NA,NA,NA,0,6852
035516.gif,juice,NA,NA,NA,0,5377
185814.gif,"cement fragment, stick",NA,NA,NA,0,7328
215211.gif,sweater,NA,NA,NA,0,2399
184314.gif,flower toy,NA,NA,NA,0,7302
064534.gif,NA,Exclude,Synthetic,NA,0,6792
145156.gif,NA,None,NA,NA,0,9706
102759.gif,NA,None,NA,NA,0,9706
213309.gif,NA,None,NA,NA,0,2399
20160831_103315_000.gif,firewood,NA,NA,NA,0,5064
165530.gif,cement fragment,NA,NA,NA,0,7959
190647.gif,plastic basket,NA,NA,NA,0,2399
143114.gif,"hearth, ashes",NA,NA,NA,0,7959
081642.gif,shirt,NA,NA,NA,0,4859
190251.gif,bulk food bag,NA,NA,NA,0,8532
085515.gif,trash,NA,NA,betelnut/food-related,0,5348
085530.gif,trash,NA,NA,betelnut/food-related,0,5348
20160811_101307_000.gif,woven basket,NA,NA,NA,0,3946
20160811_101257_000.gif,woven basket,NA,NA,NA,0,3946
20160811_101246_000.gif,woven basket,NA,NA,NA,0,3946
080052.gif,juice,NA,NA,NA,0,5217
075948.gif,juice,NA,NA,NA,0,5217
212110.gif,soda,NA,NA,NA,0,2399
181316.gif,soda,NA,NA,NA,0,2399
082515.gif,bowl,NA,NA,likely containing food/drink but not visible,0,7718
082458.gif,bowl,NA,NA,likely containing food/drink but not visible,0,7718
112210.gif,pot,NA,NA,NA,0,5217
190142.gif,soda,NA,NA,NA,0,4856
160916.gif,NA,Exclude,Food,NA,0,2399
182848.gif,soda,NA,NA,NA,0,4856
155659.gif,NA,Unsure,Synthetic,NA,0,7512
20160831_085107_000.gif,ball,NA,NA,plastic rice bag + rocks/heavy material made into ball,0,1039
224551.gif,spoon,NA,NA,NA,0,7302
224956.gif,NA,Unsure,NA,NA,0,7328
20160811_103039_000.gif,blanket,NA,NA,NA,0,3946
190835.gif,blanket,NA,NA,NA,0,7959
165242.gif,container lid,NA,NA,to vick's vapor rub,0,5677
201238.gif,NA,Exclude,Synthetic,NA,0,1566
20160831_145908_000.gif,bucket,NA,NA,unsure what's inside,0,6191
161238.gif,"baby bottle, milk",NA,NA,NA,0,6852
214543.gif,door,NA,NA,NA,0,2399
214806.gif,door,NA,NA,NA,0,2399
223331.gif,door,NA,NA,NA,0,2399
193542.gif,NA,None,NA,NA,0,6852
201301.gif,NA,None,NA,NA,0,6852
171211.gif,toy lamb,NA,NA,NA,0,6852
183823.gif,toy car,NA,NA,NA,0,4197
184719.gif,toy plate,NA,NA,NA,0,7302
134603.gif,blanket,NA,NA,NA,0,9706
134442.gif,blanket,NA,NA,NA,0,9706
20160822_094716_000.gif,"buoy, knife-W",NA,NA,NA,0,5797
20160822_094559_000.gif,buoy,NA,NA,NA,0,5797
170908.gif,chair,NA,NA,NA,0,6852
082359.gif,floor,NA,NA,NA,0,3856
114716.gif,house pile,NA,NA,NA,0,3856
20160811_100245_000.gif,shirt,NA,NA,NA,0,3946
20160811_100235_000.gif,shirt,NA,NA,NA,0,3946
135601.gif,rice,NA,NA,NA,0,9091
135616.gif,rice,NA,NA,NA,0,9091
161044.gif,plant,NA,NA,NA,0,4856
20160822_064810_000.gif,firewood,NA,NA,NA,0,7333
20160822_064825_000.gif,firewood,NA,NA,NA,0,7333
081629.gif,NA,Unsure,Food,NA,0,7718
081613.gif,NA,Unsure,Food,NA,0,7718
081644.gif,NA,Unsure,Food,NA,0,7718
074440.gif,NA,Unsure,Synthetic,check with MC,0,6792
074338.gif,NA,Unsure,Synthetic,check with MC,0,6792
074307.gif,NA,Unsure,Synthetic,check with MC,0,6792
214036.gif,rebar,NA,NA,NA,0,2399
213937.gif,rebar,NA,NA,NA,0,2399
213907.gif,rebar,NA,NA,NA,0,2399
184556.gif,stick,NA,NA,NA,0,7328
153339.gif,wash basin,NA,NA,NA,0,8532
153313.gif,NA,Unsure,NA,check,0,8532
152214.gif,vase,NA,NA,NA,0,7959
191107.gif,sandcastle mold,NA,NA,NA,0,7302
193400.gif,NA,Exclude,Synthetic,NA,0,5677
193736.gif,NA,Exclude,Synthetic,NA,0,5677
193501.gif,NA,Exclude,Synthetic,NA,0,5677
193532.gif,NA,Exclude,Synthetic,NA,0,5677
193431.gif,NA,Exclude,Synthetic,NA,0,5677
193328.gif,NA,Exclude,Synthetic,NA,0,5677
20160811_075820_000.gif,NA,Unsure,NA,NA,0,2802
20160811_075810_000.gif,NA,Unsure,NA,NA,0,2802
150904.gif,wall,NA,NA,NA,0,7959
130845.gif,veranda,NA,NA,NA,0,6792
102428.gif,veranda,NA,NA,NA,0,6792
081158.gif,veranda,NA,NA,immovable MC check,0,6792
081141.gif,veranda,NA,NA,immovable MC check,0,6792
080513.gif,veranda,NA,NA,immovable MC check,0,6792
080441.gif,floor,NA,NA,immovable MC check,0,6792
080354.gif,stairs,NA,NA,NA,0,6792
074118.gif,floor,NA,NA,immovable MC check,0,6792
074103.gif,floor,NA,NA,immovable MC check,0,6792
073751.gif,wall,NA,NA,immovable MC check,0,6792
110716.gif,NA,Exclude,NA,NA,0,5348
20160831_084645_000.gif,shirt,NA,NA,NA,0,2677
20160811_110917_000.gif,stick,NA,NA,NA,0,2802
20160811_111103_000.gif,stick,NA,NA,NA,0,2802
20160811_120644_000.gif,stick,NA,NA,NA,0,2802
100254.gif,floor,NA,NA,NA,0,9706
103423.gif,floor,NA,NA,NA,0,9706
134356.gif,wall,NA,NA,immovable MC check,0,9706
134927.gif,floor,NA,NA,NA,0,9706
145937.gif,floor,NA,NA,immovable MC check,0,9706
20160831_111807_000.gif,NA,Exclude,Synthetic,NA,0,1039
210342.gif,plant,NA,NA,NA,0,1129
215057.gif,NA,Exclude,Synthetic,NA,0,4856
215026.gif,NA,Exclude,Synthetic,NA,0,4856
220326.gif,NA,Unsure,Food,NA,0,7302
220355.gif,NA,Unsure,Food,NA,0,7302
220256.gif,NA,Unsure,Food,NA,0,7302
20160811_091907_000.gif,nut,NA,NA,NA,0,2802
101143.gif,wall,NA,NA,NA,0,7718
105459.gif,wall,NA,NA,NA,0,7718
20160831_125021_000.gif,plant,NA,NA,NA,0,1039
20160831_101611_000.gif,leaf,NA,NA,NA,0,1039
20160831_124926_000.gif,plant,NA,NA,NA,0,6191
20160831_124839_000.gif,plant,NA,NA,NA,0,6191
20160831_124824_000.gif,plant,NA,NA,NA,0,6191
191445.gif,bottled water,NA,NA,NA,0,1312
154307.gif,empty drink bottle,NA,NA,NA,0,1076
154205.gif,empty drink bottle,NA,NA,NA,0,1076
154135.gif,empty drink bottle,NA,NA,NA,0,1076
20160822_095047_000.gif,empty drink bottle,NA,NA,NA,0,4830
150022.gif,NA,Unsure,Synthetic,MC check?,0,7959
145021.gif,NA,Unsure,Synthetic,MC check?,0,7959
153522.gif,vase,NA,NA,NA,0,7959
213955.gif,cleaning solution,NA,NA,NA,0,4856
20160822_054918_000.gif,NA,Exclude,Synthetic,NA,0,4830
20160822_054903_000.gif,NA,Exclude,Synthetic,NA,0,4830
20160831_072734_000.gif,stick,NA,NA,NA,0,1039
20160831_072749_000.gif,stick,NA,NA,NA,0,1039
20160831_072954_000.gif,stick,NA,NA,NA,0,1039
221605.gif,stick,NA,NA,NA,0,7959
164940.gif,stick,NA,NA,NA,0,9615
165040.gif,stick,NA,NA,NA,0,9615
165112.gif,stick,NA,NA,NA,0,9615
24071242.gif,empty drink bottle,NA,NA,NA,0,7910
24071110.gif,empty drink bottle,NA,NA,NA,0,7910
24071041.gif,empty drink bottle,NA,NA,NA,0,7910
24070939.gif,empty drink bottle,NA,NA,NA,0,7910
24070909.gif,empty drink bottle,NA,NA,NA,0,7910
24070738.gif,empty drink bottle,NA,NA,NA,0,7910
24070604.gif,empty drink bottle,NA,NA,NA,0,7910
153602.gif,energy drink,NA,NA,can't tell if it's full or not,0,7302
153634.gif,energy drink,NA,NA,NA,0,7302
190239.gif,empty drink bottle,NA,NA,NA,0,9021
190006.gif,empty drink bottle,NA,NA,NA,0,9021
20160822_070646_000.gif,empty drink bottle,NA,NA,ambiguous because drinking motion is happening but I don't think there's any liquid,0,1144
20160822_070630_000.gif,empty drink bottle,NA,NA,NA,0,1144
20160822_070615_000.gif,empty drink bottle,NA,NA,NA,0,1144
20160822_070600_000.gif,empty drink bottle,NA,NA,NA,0,1144
172629.gif,"toy car, stuffed animal",NA,NA,NA,0,1566
172659.gif,"toy car, stuffed animal",NA,NA,NA,0,1566
172800.gif,"toy car, stuffed animal",NA,NA,NA,0,1566
172831.gif,"toy car, stuffed animal",NA,NA,NA,0,1566
172902.gif,NA,Exclude,Toy,NA,0,1566
172932.gif,NA,Exclude,Toy,NA,0,1566
173002.gif,NA,Exclude,Toy,NA,0,1566
173034.gif,"action figure, stuffed animal",NA,NA,NA,0,1566
173104.gif,action figure,NA,NA,NA,0,1566
173134.gif,action figure,NA,NA,NA,0,1566
173205.gif,action figure,NA,NA,NA,0,1566
173235.gif,action figure,NA,NA,NA,0,1566
173337.gif,"action figure, stuffed animal",NA,NA,NA,0,1566
173407.gif,"action figure, stuffed animal, toy car",NA,NA,NA,0,1566
173438.gif,"action figure, toy car",NA,NA,NA,0,1566
173509.gif,action figure,NA,NA,NA,0,1566
173539.gif,"action figure, stuffed animal",NA,NA,NA,0,1566
173620.gif,stuffed animal,NA,NA,NA,0,1566
173649.gif,stuffed animal,NA,NA,NA,0,1566
173719.gif,stuffed animal,NA,NA,NA,0,1566
173820.gif,stuffed animal,NA,NA,NA,0,1566
173921.gif,stuffed animal,NA,NA,NA,0,1566
174022.gif,action figure,NA,NA,NA,0,1566
174054.gif,stuffed animal,NA,NA,NA,0,1566
174124.gif,stuffed animal,NA,NA,NA,0,1566
174154.gif,toy car,NA,NA,NA,0,1566
174457.gif,action figure,NA,NA,NA,0,1566
174731.gif,"action figure, stuffed animal",NA,NA,NA,0,1566
164848.gif,NA,Exclude,NA,NA,0,7959
155532.gif,NA,Unsure,NA,NA,0,5978
192146.gif,NA,Exclude,Synthetic,NA,0,8232
145952.gif,NA,Exclude,Synthetic,NA,0,7959
145154.gif,NA,Exclude,Synthetic,NA,0,7959
083749.gif,NA,Exclude,Food,NA,0,5629
152302.gif,spoon,NA,NA,NA,0,2399
191617.gif,NA,Exclude,Food,NA,0,2399
104705.gif,drawer,NA,NA,NA,0,9706
065253.gif,veranda,NA,NA,immovable MC check,0,8779
20160831_150053_000.gif,cardboard packaging,NA,NA,NA,0,1039
150117.gif,NA,Exclude,Synthetic,likely a pole to a tool but not enough information,0,5348
044843.gif,NA,Exclude,Synthetic,likely a pole to a tool but not enough information,0,4313
044914.gi,NA,Exclude,Synthetic,likely a pole to a tool but not enough information,0,4313
190849.gif,NA,Exclude,Synthetic,likely a pole to a tool but not enough information,0,4313
111718.gif,clothing,NA,NA,NA,0,8779
201214.gif,flower toy,NA,NA,NA,0,7302
181714.gif,reusable water bottle,NA,NA,NA,0,7302
151606.gif,reusable water bottle,NA,NA,NA,0,7302
151434.gif,reusable water bottle,NA,NA,NA,0,7302
103928.gif,stairs,NA,NA,NA,0,2195
134650.gif,stairs,NA,NA,NA,0,9706
134705.gif,stairs,NA,NA,NA,0,9706
162313.gif,ladder,NA,NA,NA,0,6852
191211.gif,ladder,NA,NA,NA,0,8535
164559.gif,ladder,NA,NA,NA,0,8535
220611.gif,NA,Exclude,Synthetic,NA,0,7959
224538.gif,NA,Exclude,Synthetic,NA,0,7959
170138.gif,NA,Exclude,Synthetic,NA,0,7959
170038.gid,NA,Exclude,Synthetic,NA,0,7959
165936.gif,NA,Exclude,Synthetic,NA,0,7959
165735.gif,NA,Exclude,Synthetic,NA,0,7959
165702.gif,NA,Exclude,Synthetic,NA,0,7959
165906.gif,NA,Exclude,Synthetic,NA,0,7959
170006.gif,NA,Exclude,Synthetic,NA,0,7959
170108.gif,NA,Exclude,Synthetic,NA,0,7959
170211.gif,NA,Exclude,Synthetic,NA,0,7959
224507.gif,NA,Exclude,Synthetic,NA,0,7959
154513.gif,noodles,NA,NA,package,0,7959
093612.gif,NA,Unsure,Synthetic,NA,0,3856
145755.gif,NA,Exclude,Synthetic,NA,0,7959
214254.gif,NA,Unsure,NA,NA,0,6852
233038.gif,NA,Unsure,NA,NA,0,6852
233109.gif,NA,Unsure,NA,NA,0,6852
083126.gif,house pile,NA,NA,NA,0,9706
105828.gif,stick,NA,NA,NA,0,9706
082639.gif,veranda,NA,NA,NA,0,9706
082624.gif,veranda,NA,NA,NA,0,9706
091438.gif,"tree, leaf",NA,NA,NA,0,6792
20160822_124904_000.gif,rice ball,NA,NA,NA,0,7333
20160822_124951_000.gif,rice ball,NA,NA,NA,0,7333
20160822_125007_000.gif,rice ball,NA,NA,NA,0,7333
080044.gif,floor,NA,NA,NA,0,5942
173445.gif,NA,Unsure,Synthetic,NA,0,8532
054925.gif,NA,Experimenter,NA,NA,0,1902
054955.gif,NA,Experimenter,NA,NA,0,1902
055011.gif,NA,Experimenter,NA,NA,0,1902
223453.gif,knife-W,NA,NA,originally categorized as OtherSynthetic so not picked up in the knife catetgory assignment chunk,0,9615
181618.gif,cardboard box,NA,NA,NA,0,2399
181704.gif,cardboard box,NA,NA,NA,0,2399
182144.gif,cardboard box,NA,NA,NA,0,2399
184217.gif,cardboard box,NA,NA,NA,0,2399
185657.gif,cardboard box,NA,NA,NA,0,2399
185727.gif,cardboard box,NA,NA,NA,0,2399
185928.gif,cardboard box,NA,NA,NA,0,2399
190001.gif,cardboard box,NA,NA,NA,0,2399
193826.gif,cardboard box,NA,NA,NA,0,2399
193957.gif,cardboard box,NA,NA,NA,0,2399
202145.gif,shoe box,NA,NA,NA,0,2399
203021.gif,shoe box,NA,NA,NA,0,2399
215616.gif,shoe box,NA,NA,NA,0,2399
215747.gif,"shoe box, guava",NA,NA,NA,0,2399
215919.gif,"shoe box, guava",NA,NA,NA,0,2399
220021.gif,"shoe box, guava",NA,NA,NA,0,2399
220051.gif,"shoe box, guava",NA,NA,NA,0,2399
220121.gif,shoe box,NA,NA,NA,0,2399
220459.gif,shoe box,NA,NA,NA,0,2399
221007.gif,shoe box,NA,NA,NA,0,2399
221037.gif,shoe box,NA,NA,NA,0,2399
221108.gif,shoe box,NA,NA,NA,0,2399
221138.gif,shoe box,NA,NA,NA,0,2399
221208.gif,shoe box,NA,NA,NA,0,2399
223449.gif,cardboard box,NA,NA,NA,0,2399
223519.gif,cardboard box,NA,NA,NA,0,2399
223549.gif,cardboard box,NA,NA,NA,0,2399
223622.gif,cardboard box,NA,NA,NA,0,2399
223639.gif,"cardboard box, ball",NA,NA,NA,0,2399
223741.gif,cardboard box,NA,NA,NA,0,2399
225906.gif,"cardboard box, ball",NA,NA,NA,0,2399
225935.gif,"cardboard box, ball",NA,NA,NA,0,2399
230137.gif,cardboard box,NA,NA,NA,0,2399
230238.gif,cardboard box,NA,NA,NA,0,2399
185642.gif,,Exclude,Synthetic,MC check?,0,3264
190016.gif,,Exclude,Synthetic,MC check?,0,3264
190047.gif,,Exclude,Synthetic,MC check?,0,3264
190117.gif,,Exclude,Synthetic,MC check?,0,3264
172247.gif,purse,NA,NA,NA,0,7674
205042.gif,purse,NA,NA,NA,0,4197
193124.gif,,Exclude,Synthetic,NA,0,5449
193225.gif,,Exclude,Synthetic,NA,0,5449
20160831_094832_000.gif,stick,NA,NA,NA,0,1039
20160831_095025_000.gif,stick,NA,NA,NA,0,1039
20160831_123302_000.gif,bark,NA,NA,NA,0,1039
172557.gif,stick,NA,NA,NA,0,7959
225041.gif,stick,NA,NA,NA,0,7959
225111.gif,stick,NA,NA,NA,0,7959
225223.gif,stick,NA,NA,NA,0,7959
225253.gif,stick,NA,NA,NA,0,7959
185306.gif,stick,NA,NA,NA,0,5978
165626.gif,tree,NA,NA,NA,0,3158
165656.gif,tree,NA,NA,NA,0,3158
165719.gif,tree,NA,NA,NA,0,3158
165749.gif,tree,NA,NA,NA,0,3158
165759.gif,tree,NA,NA,NA,0,3158
165830.gif,tree,NA,NA,NA,0,3158
165900.gif,tree,NA,NA,NA,0,3158
165932.gif,"tree, stick",NA,NA,NA,0,3158
170002.gif,tree,NA,NA,NA,0,3158
170032.gif,tree,NA,NA,NA,0,3158
170103.gif,tree,NA,NA,NA,0,3158
170133.gif,tree,NA,NA,NA,0,3158
170203.gif,"tree, stick",NA,NA,NA,0,3158
170235.gif,tree,NA,NA,NA,0,3158
170604.gif,tree,NA,NA,NA,0,3158
170634.gif,tree,NA,NA,NA,0,3158
170639.gif,tree,NA,NA,NA,0,3158
170710.gif,tree,NA,NA,NA,0,3158
170741.gif,tree,NA,NA,NA,0,3158
170811.gif,tree,NA,NA,NA,0,3158
170912.gif,tree,NA,NA,NA,0,3158
180259.gif,tree,NA,NA,NA,0,1129
211815.gif,tree,NA,NA,NA,0,1129
211845.gif,tree,NA,NA,NA,0,1129
211916.gif,tree,NA,NA,NA,0,1129
211946.gif,tree,NA,NA,NA,0,1129
212016.gif,tree,NA,NA,NA,0,1129
112256.gif,plate,NA,NA,NA,0,5217
112312.gif,plate,NA,NA,NA,0,5217
112327.gif,rice ball,NA,NA,NA,0,5217
112342.gif,plate,NA,NA,NA,0,5217
112358.gif,sago,NA,NA,NA,0,5217
112413.gif,plate,NA,NA,NA,0,5217
112428.gif,sago,NA,NA,NA,0,5217
112446.gif,sago,NA,NA,NA,0,5217
112501.gif,sago,NA,NA,NA,0,5217
112516.gif,sago,NA,NA,NA,0,5217
112532.gif,sago,NA,NA,NA,0,5217
112705.gif,table,NA,NA,NA,0,5217
093656.gif,plastic packaging,NA,NA,NA,0,1902
101824.gif,ball,NA,NA,made from plastic rice bag,0,6792
102141.gif,ball,NA,NA,made from plastic rice bag,0,6792
102214.gif,ball,NA,NA,made from plastic rice bag,0,6792
102229.gif,ball,NA,NA,made from plastic rice bag,0,6792
102328.gif,ball,NA,NA,made from plastic rice bag,0,6792
102446.gif,ball,NA,NA,made from plastic rice bag,0,6792
102631.gif,ball,NA,NA,made from plastic rice bag,0,6792
102719.gif,ball,NA,NA,made from plastic rice bag,0,6792
102750.gif,ball,NA,NA,made from plastic rice bag,0,6792
103132.gif,ball,NA,NA,made from plastic rice bag,0,6792
132217.gif,rice,NA,NA,still in package,0,8779
132232.gif,rice,NA,NA,still in package,0,8779
132319.gif,rice,NA,NA,still in package,0,8779
132334.gif,rice,NA,NA,still in package,0,8779
132350.gif,rice,NA,NA,still in package,0,8779
132525.gif,rice,NA,NA,still in package,0,8779
133141.gif,rice,NA,NA,still in package,0,8779
084051.gif,rice,NA,NA,still in package,0,7718
084106.gif,rice,NA,NA,still in package,0,7718
084121.gif,rice,NA,NA,still in package,0,7718
084137.gif,rice,NA,NA,still in package,0,7718
084153.gif,rice,NA,NA,still in package,0,7718
084208.gif,rice,NA,NA,still in package,0,7718
084224.gif,rice,NA,NA,still in package,0,7718
084239.gif,rice,NA,NA,still in package,0,7718
084254.gif,rice,NA,NA,still in package,0,7718
084312.gif,rice,NA,NA,still in package,0,7718
084327.gif,rice,NA,NA,still in package,0,7718
084342.gif,rice,NA,NA,still in package,0,7718
084359.gif,rice,NA,NA,still in package,0,7718
084414.gif,rice,NA,NA,still in package,0,7718
084635.gif,rice,NA,NA,still in package,0,7718
084723.gif,rice,NA,NA,still in package,0,7718
084738.gif,rice,NA,NA,still in package,0,7718
084755.gif,rice,NA,NA,still in package,0,7718
084810.gif,rice,NA,NA,still in package,0,7718
084825.gif,rice,NA,NA,still in package,0,7718
084842.gif,rice,NA,NA,still in package,0,7718
133224.gif,rice,NA,NA,still in package,0,7718
20160831_080233_000.gif,weight,NA,NA,MC check?,0,1039
20160831_080248_000.gif,weight,NA,NA,MC check?,0,1039
20160831_115127_000.gif,weight,NA,NA,MC check?,0,1039
20160831_115142_000.gif,weight,NA,NA,MC check?,0,1039
20160831_115332_000.gif,weight,NA,NA,MC check?,0,1039
20160831_115451_000.gif,weight,NA,NA,MC check?,0,1039
20160831_115522_000.gif,weight,NA,NA,MC check?,0,1039
20160831_115539_000.gif,weight,NA,NA,MC check?,0,1039
20160831_115557_000.gif,weight,NA,NA,MC check?,0,1039
20160831_115612_000.gif,weight,NA,NA,MC check?,0,1039
191814.gif,"wood slat, bulk food bag",NA,NA,NA,0,7328
92900.gif,fishnet,NA,NA,NA,0,9706
175543.gif,yarn,NA,NA,NA,0,8532
175645.gif,yarn,NA,NA,NA,0,8532
162802.gif,sugar cane,NA,NA,NA,0,8532
162832.gif,sugar cane,NA,NA,NA,0,8532
162902.gif,sugar cane,NA,NA,NA,0,8532
162939.gif,sugar cane,NA,NA,NA,0,8532
163009.gif,"sugar cane, tree",NA,NA,NA,0,8532
142902.gif,tongs,NA,NA,NA,0,9706
142917.gif,tongs,NA,NA,NA,0,9706
142932.gif,tongs,NA,NA,NA,0,9706
142948.gif,tongs,NA,NA,NA,0,9706
182456.gif,broom,NA,NA,could possibly be a mop,0,5978
095920.gif,baby bottle,NA,NA,NA,0,5149
095932.gif,baby bottle,NA,NA,NA,0,5149
100317.gif,baby bottle,NA,NA,NA,0,5149
100327.gif,baby bottle,NA,NA,NA,0,5149
081232.gif,bottle cap,NA,NA,NA,0,5942
095155.gif,"container, bottle cap",NA,NA,NA,0,1902
095228.gif,"bottle cap, drinking water",NA,NA,NA,0,1902
095243.gif,"bottle cap, drinking water",NA,NA,NA,0,1902
134744.gif,bottle cap,NA,NA,NA,0,1902
095012.gif,bottle cap,NA,NA,NA,0,2195
20160822_092042_000.gif,"string, bottle cap",NA,NA,NA,0,7333
20160822_075507_000.gif,bottle cap,NA,NA,NA,0,1144
20160822_082518_000.gif,bottle cap,NA,NA,NA,0,4830
20160822_082548_000.gif,"bottle cap, leaf",NA,NA,NA,0,4830
20160822_082606_000.gif,"bottle cap, leaf",NA,NA,NA,0,4830
20160822_084958_000.gif,"bottle cap, rock",NA,NA,NA,0,4830
20160822_085016_000.gif,bottle cap,NA,NA,NA,0,4830
20160822_090331_000.gif,"bottle cap, betelnut",NA,NA,NA,0,4830
20160822_090346_000.gif,"bottle cap, betelnut",NA,NA,NA,0,4830
20160822_092633_000.gif,plastic bottle,NA,NA,NA,0,4830
20160822_092719_000.gif,plastic bottle,NA,NA,NA,0,4830
125435.gif,bottle cap,NA,NA,NA,0,7849
152513.gif,"baby bottle, milk",NA,NA,NA,0,5994
152543.gif,"baby bottle, milk",NA,NA,NA,0,5994
152615.gif,"baby bottle, milk",NA,NA,NA,0,5994
152645.gif,"baby bottle, milk",NA,NA,NA,0,5994
152716.gif,"baby bottle, milk",NA,NA,NA,0,5994
152748.gif,"baby bottle, milk",NA,NA,NA,0,5994
152818.gif,"baby bottle, milk",NA,NA,NA,0,5994
152848.gif,"baby bottle, milk",NA,NA,NA,0,5994
152919.gif,"baby bottle, milk",NA,NA,NA,0,5994
152949.gif,"baby bottle, milk",NA,NA,NA,0,5994
180142.gif,"baby bottle, milk",NA,NA,NA,0,5994
180212.gif,"baby bottle, milk",NA,NA,NA,0,5994
180242.gif,"baby bottle, milk",NA,NA,NA,0,5994
180313.gif,"baby bottle, milk",NA,NA,NA,0,5994
180343.gif,"baby bottle, milk",NA,NA,NA,0,5994
180413.gif,"baby bottle, milk",NA,NA,NA,0,5994
180446.gif,"baby bottle, milk",NA,NA,NA,0,5994
180516.gif,"baby bottle, milk",NA,NA,NA,0,5994
180546.gif,"baby bottle, milk",NA,NA,NA,0,5994
180617.gif,"baby bottle, milk",NA,NA,NA,0,5994
193928.gif,"baby bottle, milk",NA,NA,NA,0,5994
193958.gif,"baby bottle, milk",NA,NA,NA,0,5994
194028.gif,"baby bottle, milk",NA,NA,NA,0,5994
194059.gif,"baby bottle, milk",NA,NA,NA,0,5994
194129.gif,"baby bottle, milk",NA,NA,NA,0,5994
194159.gif,"baby bottle, milk",NA,NA,NA,0,5994
194232.gif,"baby bottle, milk",NA,NA,NA,0,5994
194302.gif,"baby bottle, milk",NA,NA,NA,0,5994
204843.gif,"baby bottle, milk",NA,NA,NA,0,5994
204913.gif,"baby bottle, milk",NA,NA,NA,0,5994
204943.gif,"baby bottle, milk",NA,NA,NA,0,5994
205015.gif,"baby bottle, milk",NA,NA,NA,0,5994
205045.gif,"baby bottle, milk",NA,NA,NA,0,5994
205115.gif,"baby bottle, milk",NA,NA,NA,0,5994
205146.gif,"baby bottle, milk",NA,NA,NA,0,5994
205216.gif,"baby bottle, milk",NA,NA,NA,0,5994
205246.gif,"baby bottle, milk",NA,NA,NA,0,5994
205317.gif,"baby bottle, milk",NA,NA,NA,0,5994
205347.gif,"baby bottle, milk",NA,NA,NA,0,5994
205417.gif,"baby bottle, milk",NA,NA,NA,0,5994
205450.gif,"baby bottle, milk",NA,NA,NA,0,5994
205520.gif,"baby bottle, milk",NA,NA,NA,0,5994
205550.gif,"baby bottle, milk",NA,NA,NA,0,5994
205622.gif,"baby bottle, milk",NA,NA,NA,0,5994
205652.gif,"baby bottle, milk",NA,NA,NA,0,5994
205722.gif,"baby bottle, milk",NA,NA,NA,0,5994
205753.gif,"baby bottle, milk",NA,NA,NA,0,5994
191108.gif,plastic bottle,NA,NA,NA,0,4590
191209.gif,plastic bottle,NA,NA,NA,0,4590
191239.gif,plastic bottle,NA,NA,NA,0,4590
191309.gif,plastic bottle,NA,NA,NA,0,4590
191440.gif,plastic bottle,NA,NA,NA,0,4590
191513.gif,plastic bottle,NA,NA,NA,0,4590
191543.gif,plastic bottle,NA,NA,NA,0,4590
191613.gif,plastic bottle,NA,NA,NA,0,4590
191644.gif,plastic bottle,NA,NA,NA,0,4590
191714.gif,plastic bottle,NA,NA,NA,0,4590
192321.gif,plastic bottle,NA,NA,NA,0,4590
192351.gif,plastic bottle,NA,NA,NA,0,4590
200905.gif,reusable water bottle,NA,NA,NA,0,6852
201036.gif,reusable water bottle,NA,NA,NA,0,6852
201128.gif,reusable water bottle,NA,NA,NA,0,6852
183051.gif,bottle cap,NA,NA,NA,0,1598
145710.gif,"baby bottle, milk",NA,NA,NA,0,8535
150045.gif,"baby bottle, milk",NA,NA,NA,0,8535
150115.gif,"baby bottle, milk",NA,NA,NA,0,8535
150145.gif,"baby bottle, milk",NA,NA,NA,0,8535
154157.gif,"baby bottle, milk",NA,NA,NA,0,8535
154227.gif,"baby bottle, milk",NA,NA,NA,0,8535
154257.gif,"baby bottle, milk",NA,NA,NA,0,8535
154329.gif,"baby bottle, milk",NA,NA,NA,0,8535
154359.gif,"baby bottle, milk",NA,NA,NA,0,8535
154429.gif,"baby bottle, milk",NA,NA,NA,0,8535
154501.gif,"baby bottle, milk",NA,NA,NA,0,8535
154601.gif,"baby bottle, milk",NA,NA,NA,0,8535
154632.gif,"baby bottle, milk",NA,NA,NA,0,8535
154702.gif,"baby bottle, milk",NA,NA,NA,0,8535
154731.gif,"baby bottle, milk",NA,NA,NA,0,8535
154801.gif,"baby bottle, milk",NA,NA,NA,0,8535
174407.gif,"baby bottle, milk",NA,NA,NA,0,8535
175857.gif,"baby bottle, milk",NA,NA,NA,0,8535
180058.gif,"baby bottle, milk",NA,NA,NA,0,8535
224935.gif,"baby bottle, milk",NA,NA,NA,0,8535
225005.gif,"baby bottle, milk",NA,NA,NA,0,8535
225037.gif,"baby bottle, milk",NA,NA,NA,0,8535
225107.gif,"baby bottle, milk",NA,NA,NA,0,8535
225137.gif,"baby bottle, milk",NA,NA,NA,0,8535
225208.gif,"baby bottle, milk",NA,NA,NA,0,8535
225238.gif,"baby bottle, milk",NA,NA,NA,0,8535
225409.gif,"baby bottle, milk",NA,NA,NA,0,8535
225439.gif,"baby bottle, milk",NA,NA,NA,0,8535
225510.gif,"baby bottle, milk",NA,NA,NA,0,8535
225540.gif,"baby bottle, milk",NA,NA,NA,0,8535
225610.gif,"baby bottle, milk",NA,NA,NA,0,8535
225641.gif,"baby bottle, milk",NA,NA,NA,0,8535
225741.gif,"baby bottle, milk",NA,NA,NA,0,8535
183433.gif,bottle cap,NA,NA,NA,0,7302
183504.gif,bottle cap,NA,NA,NA,0,7302
183534.gif,bottle cap,NA,NA,NA,0,7302
182529.gif,bottle cap,NA,NA,NA,0,3158
182701.gif,bottle cap,NA,NA,NA,0,3158
182732.gif,bottle cap,NA,NA,NA,0,3158
182934.gif,bottle cap,NA,NA,NA,0,3158
183004.gif,bottle cap,NA,NA,NA,0,3158
183405.gif,bottle cap,NA,NA,NA,0,3158
183818.gif,bottle cap,NA,NA,NA,0,3158
055623.gif,bottle cap,NA,NA,NA,0,4313
064027.gif,bottle cap,NA,NA,NA,0,4313
064127.gif,bottle cap,NA,NA,NA,0,4313
064257.gif,bottle cap,NA,NA,NA,0,4313
064327.gif,bottle cap,NA,NA,NA,0,4313
064357.gif,bottle cap,NA,NA,NA,0,4313
064433.gif,bottle cap,NA,NA,NA,0,4313
064605.gif,"bottle cap, cup",NA,NA,NA,0,4313
064635.gif,"bottle cap, cup",NA,NA,NA,0,4313
064737.gif,"bottle cap, cup",NA,NA,NA,0,4313
064745.gif,bottle cap,NA,NA,NA,0,4313
070026.gif,purse,NA,NA,NA,0,8779
180607.gif,bulk food bag,NA,NA,NA,0,7674
230746.gif,bulk food bag,NA,NA,NA,0,7674
190614.gif,bulk food bag,NA,NA,NA,0,8532
234451.gif,bulk food bag,NA,NA,NA,0,7328
110106.gif,empty drink bottle,NA,NA,NA,0,5348
110122.gif,empty drink bottle,NA,NA,NA,0,5348
110137.gif,empty drink bottle,NA,NA,NA,0,5348
144609.gif,empty drink bottle,NA,NA,NA,0,9706
144625.gif,empty drink bottle,NA,NA,NA,0,9706
135227.gif,empty drink bottle,NA,NA,NA,0,2789
135314.gif,empty drink bottle,NA,NA,NA,0,2789
135329.gif,empty drink bottle,NA,NA,NA,0,2789
140417.gif,empty drink bottle,NA,NA,NA,0,2789
20160822_054642_000.gif,canteen,NA,NA,NA,0,4830
20160822_054658_000.gif,empty drink bottle,NA,NA,NA,0,4830
20160822_054713_000.gif,canteen,NA,NA,NA,0,4830
125506.gif,empty drink bottle,NA,NA,NA,0,7849
125521.gif,empty drink bottle,NA,NA,NA,0,7849
125536.gif,empty drink bottle,NA,NA,NA,0,7849
125553.gif,empty drink bottle,NA,NA,NA,0,7849
125608.gif,empty drink bottle,NA,NA,NA,0,7849
125623.gif,empty drink bottle,NA,NA,NA,0,7849
125711.gif,empty drink bottle,NA,NA,NA,0,7849
130311.gif,empty drink bottle,NA,NA,NA,0,7849
082426.gif,candy,NA,NA,NA,0,5217
082443.gif,candy,NA,NA,NA,0,5217
082458.gif,candy,NA,NA,NA,0,5217
082513.gif,candy,NA,NA,NA,0,5217
075129.gif,empty drink bottle,NA,NA,NA,0,3124
075145.gif,empty drink bottle,NA,NA,NA,0,3124
075200.gif,empty drink bottle,NA,NA,NA,0,3124
075215.gif,empty drink bottle,NA,NA,NA,0,3124
081653.gif,empty drink bottle,NA,NA,NA,0,3124
081708.gif,empty drink bottle,NA,NA,NA,0,3124
081723.gif,empty drink bottle,NA,NA,NA,0,3124
081755.gif,empty drink bottle,NA,NA,NA,0,3124
081810.gif,empty drink bottle,NA,NA,NA,0,3124
143553.gif,empty drink bottle,NA,NA,NA,0,3124
143640.gif,empty drink bottle,NA,NA,NA,0,3124
143655.gif,empty drink bottle,NA,NA,NA,0,3124
143812.gif,empty drink bottle,NA,NA,NA,0,3124
143858.gif,empty drink bottle,NA,NA,NA,0,3124
144125.gif,empty drink bottle,NA,NA,NA,0,3124
073411.gif,bottled water,NA,NA,NA,0,7423
075840.gif,bottled water,NA,NA,NA,0,7423
075855.gif,bottled water,NA,NA,NA,0,7423
075943.gif,bottled water,NA,NA,NA,0,7423
120613.gif,"jug, drinking water",NA,NA,NA,0,7423
20160831_142055_000.gif,empty drink bottle,NA,NA,NA,0,6191
151118.gif,empty drink bottle,NA,NA,NA,0,4856
230026.gif,empty drink bottle,NA,NA,NA,0,8535
112721.gif,spoon,NA,NA,NA,0,5217
112736.gif,"spoon, sago",NA,NA,NA,0,5217
112822.gif,"spoon, rice",NA,NA,NA,0,5217
112839.gif,"spoon, rice",NA,NA,NA,0,5217
112854.gif,"spoon, rice",NA,NA,NA,0,5217
112909.gif,"spoon, rice",NA,NA,NA,0,5217
112927.gif,"spoon, rice",NA,NA,NA,0,5217
112942.gif,"spoon, rice",NA,NA,NA,0,5217
112957.gif,spoon,NA,NA,NA,0,5217
113013.gif,"spoon, tuber",NA,NA,NA,0,5217
113028.gif,spoon,NA,NA,NA,0,5217
113043.gif,"spoon, rice",NA,NA,NA,0,5217
113101.gif,"spoon, rice",NA,NA,NA,0,5217
113132.gif,"spoon, rice",NA,NA,NA,0,5217
113148.gif,spoon,NA,NA,NA,0,5217
113203.gif,spoon,NA,NA,NA,0,5217
113219.gif,spoon,NA,NA,NA,0,5217
113235.gif,"spoon, plate",NA,NA,NA,0,5217
113250.gif,spoon,NA,NA,NA,0,5217
113305.gif,spoon,NA,NA,NA,0,5217
113323.gif,"spoon, rice",NA,NA,NA,0,5217
113338.gif,"spoon, rice",NA,NA,NA,0,5217
113354.gif,spoon,NA,NA,NA,0,5217
113410.gif,spoon,NA,NA,NA,0,5217
113457.gif,tuber,NA,NA,NA,0,5217
113512.gif,spoon,NA,NA,NA,0,5217
113527.gif,spoon,NA,NA,NA,0,5217
113544.gif,"spoon, rice",NA,NA,NA,0,5217
113559.gif,"spoon, rice",NA,NA,NA,0,5217
113614.gif,"spoon, plate",NA,NA,NA,0,5217
113631.gif,spoon,NA,NA,NA,0,5217
113646.gif,spoon,NA,NA,NA,0,5217
113703.gif,spoon,NA,NA,NA,0,5217
112226.gif,"spoon, stick",NA,NA,NA,0,5217
082047.gif,packaged snack,NA,NA,NA,0,5217
082102.gif,packaged snack,NA,NA,NA,0,5217
082149.gif,packaged snack,NA,NA,NA,0,5217
082204.gif,packaged snack,NA,NA,NA,0,5217
082222.gif,packaged snack,NA,NA,NA,0,5217
082323.gif,"packaged snack, hammock",NA,NA,NA,0,5217
082339.gif,packaged snack,NA,NA,NA,0,5217
082529.gif,packaged snack,NA,NA,NA,0,5217
082544.gif,packaged snack,NA,NA,NA,0,5217
082559.gif,packaged snack,NA,NA,NA,0,5217
082617.gif,packaged snack,NA,NA,NA,0,5217
082632.gif,packaged snack,NA,NA,NA,0,5217
20160822_093107_000.gif,"fork, seafood",NA,NA,NA,0,7333
20160822_093122_000.gif,"fork, seafood",NA,NA,NA,0,7333
080306.gif,stairs,NA,NA,NA,0,6792
093417.gif,woven basket,NA,NA,check function,0,5942
195602.gif,rope,NA,NA,check function,0,1312
195633.gif,rope,NA,NA,check function,0,1312
195703.gif,rope,NA,NA,check function,0,1312
195735.gif,rope,NA,NA,check function,0,1312
195805.gif,rope,NA,NA,check function,0,1312
195835.gif,rope,NA,NA,check function,0,1312
195907.gif,rope,NA,NA,check function,0,1312
200007.gif,rope,NA,NA,check function,0,1312
200040.gif,rope,NA,NA,check function,0,1312
200110.gif,rope,NA,NA,check function,0,1312
20160811_075300_000.gif,sago,NA,NA,NA,0,2802
20160811_075310_000.gif,sago,NA,NA,NA,0,2802
20160811_075321_000.gif,sago,NA,NA,NA,0,2802
20160811_075344_000.gif,sago,NA,NA,NA,0,2802
20160811_090807_000.gif,sago,NA,NA,NA,0,2802
20160811_090817_000.gif,sago,NA,NA,NA,0,2802
20160811_090909_000.gif,sago,NA,NA,NA,0,2802
20160811_090929_000.gif,sago,NA,NA,NA,0,2802
090059.gif,tuber,NA,NA,NA,0,7849
090114.gif,tuber,NA,NA,NA,0,7849
090129.gif,tuber,NA,NA,NA,0,7849
090146.gif,tuber,NA,NA,NA,0,7849
090303.gif,tuber,NA,NA,NA,0,7849
124953.gif,tuber,NA,NA,NA,0,7849
125055.gif,tuber,NA,NA,NA,0,7849
125113.gif,tuber,NA,NA,NA,0,7849
1300003.gif,tuber,NA,NA,NA,0,7849
130018.gif,tuber,NA,NA,NA,0,7849
130036.gif,tuber,NA,NA,NA,0,7849
130051.gif,tuber,NA,NA,NA,0,7849
130123.gif,tuber,NA,NA,NA,0,7849
130138.gif,tuber,NA,NA,NA,0,7849
130153.gif,tuber,NA,NA,NA,0,7849
130209.gif,tuber,NA,NA,NA,0,7849
130224.gif,tuber,NA,NA,NA,0,7849
130256.gif,tuber,NA,NA,NA,0,7849
20160831_120640_000.gif,coral,NA,NA,NA,0,1039
20160831_120656_000.gif,coral,NA,NA,NA,0,1039
20160831_120711_000.gif,coral,NA,NA,NA,0,1039
20160831_120726_000.gif,coral,NA,NA,NA,0,1039
20160831_120743_000.gif,coral,NA,NA,NA,0,1039
20160831_120813_000.gif,coral,NA,NA,NA,0,1039
20160831_120830_000.gif,coral,NA,NA,NA,0,1039
20160831_120842_000.gif,coral,NA,NA,NA,0,1039
20160831_121149_000.gif,coral,NA,NA,NA,0,1039
20160831_121221_000.gif,coral,NA,NA,NA,0,1039
20160831_121236_000.gif,coral,NA,NA,NA,0,1039
145448.gif,wood slat,NA,NA,NA,0,9706
145433.gif,wood slat,NA,NA,NA,0,9706
145418.gif,wood slat,NA,NA,NA,0,9706
141004.gif,leaf,NA,NA,NA,0,9706
135208.gif,wood slat,NA,NA,NA,0,9706
135153.gid,wood slat,NA,NA,NA,0,9706
105641.gif,wood slat,NA,NA,NA,0,9706
105624.gif,wood slat,NA,NA,NA,0,9706
105609.gif,wood slat,NA,NA,NA,0,9706
154518.gif,broom,NA,NA,NA,0,8532
171940.gif,broom,NA,NA,could possibly be a mop,0,8532
172010.gif,broom,NA,NA,could possibly be a mop,0,8532
172030.gif,broom,NA,NA,could possibly be a mop,0,8532
172100.gif,broom,NA,NA,could possibly be a mop,0,8532
165132.gif,NA,Exclude,NA,NA,0,7328
165202.gif,NA,Exclude,NA,NA,0,7328
211355.gif,rubber fragment,NA,NA,NA,0,7328
211457.gif,rubber fragment,NA,NA,NA,0,7329
211527.gif,rubber fragment,NA,NA,NA,0,7330
211600.gif,rubber fragment,NA,NA,NA,0,7331
211630.gif,rubber fragment,NA,NA,NA,0,7332
211801.gif,rubber fragment,NA,NA,NA,0,7333
233514.gif,scrub brush,NA,NA,NA,1,7328
20160811_130657_000.gif,NA,Exclude,Synthetic,NA,1,7101
142554.gif,NA,Exclude,Synthetic,NA,1,6852
161510.gif,"trash bin, baby bottle, milk",NA,NA,NA,1,6852
184315.gif,crowbar,NA,NA,NA,1,7328
185357.gif,"wood slat, cement fragment",NA,NA,NA,1,7328
185427.gif,"wood slat, cement fragment",NA,NA,NA,1,7328
185744.gif,"wood slat, cement fragment",NA,NA,NA,1,7328
190146.gif,"wood slat, cement fragment",NA,NA,NA,1,7328
194009.gif,wood slat,NA,NA,NA,1,7328
194717.gif,wood slat,NA,NA,NA,1,7328
195829.gif,wood slat,NA,NA,NA,1,7328
153126.gif,cup,NA,NA,NA,1,1566
153200.gif,cup,NA,NA,NA,1,1566
153230.gif,cup,NA,NA,NA,1,1566
24001703.gif,NA,Exclude,NA,NA,1,6852
223247.gif,NA,Exclude,NA,NA,1,6852
223349.gif,NA,Exclude,NA,NA,1,6852
191617.gif,NA,Exclude,NA,NA,1,2399
191746.gif,NA,Exclude,NA,NA,1,2399
191816.gif,NA,Exclude,NA,NA,1,2399
191848.gif,NA,Exclude,NA,NA,1,2399
20160922_072435_000.gif,container lid,NA,NA,another unidentifiable object present,1,1144
140621.gif,"bottle cap, sweater",NA,NA,NA,1,9706
225504.gif,bottled water,NA,NA,NA,0,5499
225534.gif,bottled water,NA,NA,NA,0,5499
142701.gif,wall,NA,NA,NA,0,1509
152846.gif,bottle cap,NA,NA,NA,0,7959
153221.gif,"bottle cap, pencil",NA,NA,NA,0,7959
153251.gif,"bottle cap, pencil",NA,NA,NA,0,7959
153323.gif,bottle cap,NA,NA,NA,0,7959