Image,Object,Comments,Coder,Exclude,None,Unsure,Category,sub_num
20160811_130226_000.gif,soap bar,NA,MC,0,0,0,NA,7101
20160811_130709_000.gif,banana,NA,MC,0,0,0,NA,7101
20160811_130719_000.gif,banana,NA,MC,0,0,0,NA,7101
20160811_065031_000.gif,wind up toy,NA,KC,0,0,0,NA,4964
20160811_065808_000.gif,wind up toy,NA,KC,0,0,0,NA,4964
20160811_070143_000.gif,wind up toy,NA,KC,0,0,0,NA,4964
20160811_070536_000.gif,wind up toy,NA,KC,0,0,0,NA,4964
20160811_070548_000.gif,wind up toy,NA,KC,0,0,0,NA,4964
20160811_070807_000.gif,wind up toy,NA,KC,0,0,0,NA,4964
20160811_070830_000.gif,wind up toy,NA,KC,0,0,0,NA,4964
20160811_070850_000.gif,wind up toy,NA,KC,0,0,0,NA,4964
20160811_070911_000.gif,wind up toy,NA,KC,0,0,0,NA,4964
20160811_075258_000.gif,fruit (unknown variety),NA,KC,0,0,0,NA,4964
20160811_075318_000.gif,fruit (unknown variety),NA,KC,0,0,0,NA,4964
20160811_075329_000.gif,fruit (unknown variety),NA,KC,0,0,0,NA,4964
20160811_075924_000.gif,fruit (unknown variety),NA,KC,0,0,0,NA,4964
20160811_075946_000.gif,fruit (unknown variety),NA,KC,0,0,0,NA,4964
20160811_080130_000.gif,fruit (unknown variety),NA,KC,0,0,0,NA,4964
20160811_080440_000.gif,fruit (unknown variety),NA,KC,0,0,0,NA,4964
20160811_080802_000.gif,stick,NA,MC,0,0,0,NA,4964
20160811_080812_000.gif,stick,NA,MC,0,0,0,NA,4964
20160811_081907_000.gif,broom,NA,MC,0,0,0,NA,4964
20160811_093107_000.gif,rock,NA,KC,0,0,0,NA,4964
20160811_104616_000.gif,wind up toy,NA,KC,0,0,0,NA,4964
20160811_105604_000.gif,wind up toy,NA,KC,0,0,0,NA,4964
20160811_110132_000.gif,NA,NA,KC,1,0,0,NA,4964
20160811_075810_000.gif,NA,NA,MC,0,0,1,Natural,2802
20160811_075820_000.gif,NA,NA,MC,0,0,1,Natural,2802
20160811_080949_000.gif,NA,NA,MC,0,0,1,Natural,2802
20160811_082357_000.gif,spoon,NA,MC,0,0,0,NA,2802
20160811_082824_000.gif,NA,NA,MC,0,0,1,Food,2802
20160811_091616_000.gif,NA,NA,MC,0,0,1,Natural,2802
20160811_091907_000.gif,seed,NA,MC,0,0,0,Food,2802
20160811_110026_000.gif,shell,NA,MC,0,0,0,NA,2802
20160811_113948_000.gif,NA,NA,KC,0,0,1,Natural,2802
20160811_114525_000.gif,rock,NA,KC,0,0,0,NA,2802
20160811_114535_000.gif,NA,NA,MC,0,0,1,Food,2802
20160811_114608_000.gif,rock,NA,KC,0,0,0,NA,2802
070517.gif,candy,NA,KC,0,0,0,NA,5629
071033.gif,NA,NA,MC,0,0,1,NA,5629
081620.gif,NA,NA,MC,0,0,1,NA,5629
082628.gif,NA,NA,MC,0,0,1,Food,5629
083151.gif,stairs,NA,MC,0,0,0,NA,5629
083201.gif,stairs,NA,MC,0,0,0,NA,5629
083212.gif,stairs,NA,MC,0,0,0,NA,5629
083456.gif,stairs,NA,MC,0,0,0,NA,5629
083508.gif,stairs,NA,MC,0,0,0,NA,5629
083656.gif,spoon,NA,KC,0,0,0,NA,5629
085100.gif,band,NA,MC,0,0,0,NA,5629
090133.gif,betelnut,NA,KC,0,0,0,NA,5629
090215.gif,betelnut,NA,KC,0,0,0,NA,5629
091034.gif,betelnut,NA,KC,0,0,0,NA,5629
091044.gif,betelnut,NA,KC,0,0,0,NA,5629
091054.gif,betelnut,NA,KC,0,0,0,NA,5629
091350.gif,NA,NA,MC,0,0,1,NA,5629
091558.gif,stairs,NA,MC,0,0,0,NA,5629
091744.gif,vest,NA,KC,0,0,0,NA,5629
093344.gif,NA,NA,MC,0,0,1,NA,5629
102441.gif,banana,NA,MC,0,0,0,NA,5629
102454.gif,banana,NA,MC,0,0,0,NA,5629
102504.gif,banana,NA,MC,0,0,0,NA,5629
102514.gif,banana,NA,MC,0,0,0,NA,5629
102526.gif,banana,NA,MC,0,0,0,NA,5629
102536.gif,banana,NA,MC,0,0,0,NA,5629
102608.gif,banana,NA,MC,0,0,0,NA,5629
075751.gif,NA,NA,KC,1,0,0,NA,5942
075801.gif,NA,NA,KC,1,0,0,NA,5942
081232.gif,bottle cap,NA,MC,0,0,0,NA,5942
083506.gif,NA,NA,KC,1,0,0,NA,5942
083633.gif,blanket,sleeping baby in blanket,MC,0,0,0,NA,5942
084355.gif,paintbrush,NA,MC,0,0,0,NA,5942
084427.gif,paintbrush,NA,MC,0,0,0,NA,5942
084543.gif,paintbrush,NA,MC,0,0,0,NA,5942
084553.gif,paintbrush,NA,MC,0,0,0,NA,5942
084603.gif,paintbrush,NA,MC,0,0,0,NA,5942
084617.gif,paintbrush,NA,MC,0,0,0,NA,5942
084627.gif,paintbrush,NA,MC,0,0,0,NA,5942
084637.gif,paintbrush,NA,MC,0,0,0,NA,5942
084649.gif,paintbrush,NA,MC,0,0,0,NA,5942
084659.gif,paintbrush,NA,MC,0,0,0,NA,5942
084738.gif,paintbrush,NA,MC,0,0,0,NA,5942
084748.gif,paintbrush,NA,MC,0,0,0,NA,5942
084758.gif,paintbrush,NA,MC,0,0,0,NA,5942
084830.gif,paintbrush,NA,MC,0,0,0,NA,5942
084841.gif,paintbrush,NA,MC,0,0,0,NA,5942
084851.gif,paintbrush,NA,MC,0,0,0,NA,5942
084902.gif,paintbrush,NA,MC,0,0,0,NA,5942
084930.gif,paintbrush,NA,MC,0,0,0,NA,5942
085117.gif,paintbrush,NA,MC,0,0,0,NA,5942
085127.gif,paintbrush,NA,MC,0,0,0,NA,5942
085139.gif,paintbrush,NA,MC,0,0,0,NA,5942
085149.gif,paintbrush,NA,MC,0,0,0,NA,5942
085221.gif,paintbrush,NA,MC,0,0,0,NA,5942
085337.gif,paintbrush,NA,MC,0,0,0,NA,5942
085514.gif,paintbrush,NA,MC,0,0,0,NA,5942
085525.gif,paintbrush,NA,MC,0,0,0,NA,5942
085536.gif,paintbrush,NA,MC,0,0,0,NA,5942
085913.gif,baby bathtub,NA,KC,0,0,0,NA,5942
085933.gif,baby bathtub,NA,KC,0,0,0,NA,5942
085945.gif,baby bathtub,NA,KC,0,0,0,NA,5942
092347.gif,stairs,NA,MC,0,0,0,NA,3041
093317.gif,NA,NA,KC,1,0,0,NA,3041
093808.gif,NA,NA,MC,0,0,1,Natural,3041
093942.gif,NA,NA,MC,0,0,1,Natural,3041
094323.gif,stick,NA,KC,0,0,0,NA,3041
094353.gif,stick,NA,KC,0,0,0,NA,3041
110702.gif,NA,NA,MC,1,0,0,NA,3041
111857.gif,stick,NA,KC,0,0,0,NA,3041
113007.gif,NA,NA,MC,1,0,0,NA,3041
113427.gif,leaf,NA,MC,0,0,0,NA,3041
113514.gif,leaf,NA,KC,0,0,0,NA,3041
113529.gif,leaf,NA,KC,0,0,0,NA,3041
113545.gif,leaf,NA,KC,0,0,0,NA,3041
113600.gif,leaf,NA,KC,0,0,0,NA,3041
114339.gif,stick,NA,MC,0,0,0,NA,3041
114354.gif,stick,NA,MC,0,0,0,NA,3041
114409.gif,stick,NA,KC,0,0,0,NA,3041
114426.gif,stick,NA,KC,0,0,0,NA,3041
114441.gif,stick,NA,KC,0,0,0,NA,3041
114529.gif,stick,NA,MC,0,0,0,NA,3041
114631.gif,stick,NA,MC,0,0,0,NA,3041
114703.gif,sago,NA,KC,0,0,0,NA,3041
114718.gif,sago,NA,KC,0,0,0,NA,3041
114736.gif,sago,NA,KC,0,0,0,NA,3041
114751.gif,sago,NA,KC,0,0,0,NA,3041
114806.gif,sago,NA,KC,0,0,0,NA,3041
115512.gif,leaf,NA,MC,0,0,0,NA,3041
115647.gif,rock,NA,MC,0,0,0,NA,3041
115742.gif,leaf,NA,KC,0,0,0,NA,3041
115829.gif,flower,NA,MC,0,0,0,NA,3041
115931.gif,leaf,NA,MC,0,0,0,NA,3041
115946.gif,leaf,NA,MC,0,0,0,NA,3041
120002.gif,leaf,NA,MC,0,0,0,NA,3041
120500.gif,stick,NA,MC,0,0,0,NA,3041
124616.gif,jacket,NA,KC,0,0,0,NA,3041
073136.gif,NA,NA,MC,0,0,1,Natural,5348
073325.gif,"bowl, sago",NA,KC,0,0,0,NA,5348
073340.gif,bowl,unclear if sago is still being handled,KC,0,0,0,NA,5348
073357.gif,bowl,unclear if sago is still being handled,KC,0,0,0,NA,5348
073412.gif,bowl,unclear if sago is still being handled,KC,0,0,0,NA,5348
073427.gif,bowl,unclear if sago is still being handled,KC,0,0,0,NA,5348
073443.gif,bowl,unclear if sago is still being handled,KC,0,0,0,NA,5348
073530.gif,"bowl, sago",NA,KC,0,0,0,NA,5348
073616.gif,NA,NA,KC,1,0,0,NA,5348
073703.gif,"bowl, sago",NA,KC,0,0,0,NA,5348
073750.gif,NA,NA,MC,0,0,1,Natural,5348
073820.gif,NA,NA,KC,0,1,0,NA,5348
073836.gif,NA,NA,KC,0,1,0,NA,5348
073851.gif,leaf,NA,MC,0,0,0,NA,5348
073906.gif,leaf,NA,MC,0,0,0,NA,5348
073923.gif,leaf,NA,MC,0,0,0,NA,5348
073938.gif,leaf,NA,MC,0,0,0,NA,5348
074057.gif,leaf,NA,MC,0,0,0,NA,5348
074127.gif,leaf,NA,MC,0,0,0,NA,5348
080433.gif,sago,NA,KC,0,0,0,NA,5348
080451.gif,NA,NA,MC,0,0,1,NA,5348
080506.gif,sago,NA,KC,0,0,0,NA,5348
080538.gif,"sago, toy turtle",NA,KC,0,0,0,NA,5348
080727.gif,plate,NA,KC,0,0,0,NA,5348
080742.gif,ball,NA,KC,0,0,0,NA,5348
080800.gif,ball,NA,KC,0,0,0,NA,5348
080815.gif,ball,NA,KC,0,0,0,NA,5348
080826.gif,ball,NA,KC,0,0,0,NA,5348
080841.gif,"ball, rope",NA,MC,0,0,0,NA,5348
080857.gif,"ball, rope",NA,MC,0,0,0,NA,5348
081031.gif,lunchbox,NA,KC,0,0,0,NA,5348
082101.gif,vest,from context,KC,0,0,0,NA,5348
082116.gif,vest,from context,KC,0,0,0,NA,5348
082353.gif,betelnut,NA,KC,0,0,0,NA,5348
082409.gif,leafy green,NA,KC,0,0,0,NA,5348
082424.gif,leafy green,NA,KC,0,0,0,NA,5348
082439.gif,leafy green,NA,KC,0,0,0,NA,5348
082457.gif,leafy green,NA,KC,0,0,0,NA,5348
082512.gif,leafy green,NA,KC,0,0,0,NA,5348
083238.gif,NA,NA,MC,0,0,0,Synthetic,5348
083326.gif,knife,NA,KC,0,0,0,NA,5348
083343.gif,NA,NA,KC,1,0,0,Synthetic,5348
083619.gif,NA,NA,KC,0,1,0,NA,5348
083634.gif,camera,NA,KC,0,0,0,NA,5348
083954.gif,leaf,NA,MC,0,0,0,NA,5348
084009.gif,leaf,NA,MC,0,0,0,NA,5348
084111.gif,commercial fishing misc,NA,MC,0,0,0,NA,5348
084143.gif,lotion,NA,KC,0,0,0,NA,5348
084158.gif,lotion,NA,KC,0,0,0,NA,5348
084245.gif,lotion,NA,KC,0,0,0,NA,5348
084302.gif,lotion,NA,KC,0,0,0,NA,5348
084317.gif,lotion,NA,KC,0,0,0,NA,5348
084332.gif,lotion,NA,KC,0,0,0,NA,5348
084350.gif,lotion,NA,KC,0,0,0,NA,5348
084405.gif,lotion,NA,KC,0,0,0,NA,5348
084420.gif,lotion,NA,KC,0,0,0,NA,5348
084436.gif,lotion,NA,KC,0,0,0,NA,5348
084451.gif,lotion,NA,KC,0,0,0,NA,5348
084506.gif,lotion,NA,KC,0,0,0,NA,5348
085429.gif,tongs,NA,MC,0,0,0,NA,5348
085444.gif,tongs,NA,MC,0,0,0,NA,5348
103046.gif,deck,NA,MC,0,0,0,NA,5348
103101.gif,deck,NA,MC,0,0,0,NA,5348
103133.gif,deck,NA,MC,0,0,0,NA,5348
103751.gif,NA,NA,MC,1,0,0,Synthetic,5348
104250.gif,ball,NA,KC,0,0,0,NA,5348
104305.gif,ball,NA,KC,0,0,0,NA,5348
104540.gif,NA,NA,MC,0,0,1,NA,5348
104627.gif,camera,NA,KC,0,0,0,NA,5348
104642.gif,camera,NA,KC,0,0,0,NA,5348
105532.gif,NA,NA,KC,1,0,0,Natural,5348
105949.gif,lunchbox,appears earlier in this directory,KC,0,0,0,NA,5348
110019.gif,flashlight,NA,MC,0,0,0,NA,5348
110050.gif,stairs,NA,MC,0,0,0,NA,5348
110204.gif,wood slat,NA,KC,0,0,0,NA,5348
110220.gif,wood slat,NA,KC,0,0,0,NA,5348
110716.gif,NA,NA,KC,1,0,0,NA,5348
113343.gif,burlap,NA,MC,0,0,0,NA,5348
113359.gif,burlap,NA,MC,0,0,0,NA,5348
115246.gif,papaya,NA,KC,0,0,0,NA,5348
115452.gif,papaya,NA,KC,0,0,0,NA,5348
115642.gif,papaya,NA,KC,0,0,0,NA,5348
115655.gif,papaya,NA,KC,0,0,0,NA,5348
115710.gif,papaya,NA,KC,0,0,0,NA,5348
115726.gif,papaya,NA,KC,0,0,0,NA,5348
120003.gif,deck,NA,MC,0,0,0,NA,5348
134906.gif,NA,NA,KC,1,0,0,NA,5348
135125.gif,NA,NA,KC,1,0,0,NA,5348
145605.gif,skirt,NA,MC,0,0,0,NA,5348
145740.gif,wood slat,NA,MC,0,0,0,NA,5348
150117.gif,pole,NA,MC,0,0,0,NA,5348
150452.gif,commercial fishing misc,NA,MC,0,0,0,NA,5348
072045.gif,hammock,NA,KC,0,0,0,NA,9706
081002.gif,sago,NA,MC,0,0,0,NA,9706
081736.gif,NA,NA,KC,1,0,0,NA,9706
081936.gif,NA,NA,MC,1,0,0,NA,9706
082038.gif,NA,NA,MC,1,0,0,NA,9706
082109.gif,NA,NA,MC,1,0,0,NA,9706
084056.gif,sago,NA,MC,0,0,0,NA,9706
084128.gif,sago,NA,MC,0,0,0,NA,9706
084143.gif,sago,NA,MC,0,0,0,NA,9706
084214.gif,sago,NA,MC,0,0,0,NA,9706
084301.gif,sago,NA,MC,0,0,0,NA,9706
084436.gif,sago,NA,MC,0,0,0,NA,9706
084625.gif,sago,NA,MC,0,0,0,NA,9706
092620.gif,NA,NA,MC,1,0,0,NA,9706
094518.gif,tongs,NA,NA,NA,NA,NA,NA,9706
094917.gif,NA,NA,MC,1,0,0,Natural,9706
102519.gif,cardboard,NA,NA,NA,NA,NA,NA,9706
103036.gif,broom,NA,MC,0,0,0,NA,9706
103319.gif,plastic sheet,NA,MC,0,0,0,NA,9706
103351.gif,plastic sheet,NA,MC,0,0,0,NA,9706
104705.gif,deck,NA,MC,0,0,0,NA,9706
104720.gif,NA,NA,MC,1,0,0,NA,9706
105554.gif,NA,NA,MC,1,0,0,NA,9706
135527.gif,camera,NA,KC,0,0,0,NA,9706
135542.gif,camera,NA,KC,0,0,0,NA,9706
140024.gif,NA,NA,KC,0,1,0,NA,9706
140845.gif,sieve,NA,KC,0,0,0,NA,9706
140900.gif,sieve,NA,KC,0,0,0,NA,9706
140917.gif,sieve,NA,KC,0,0,0,NA,9706
143513.gif,NA,NA,KC,1,0,0,NA,9706
071122.gif,NA,NA,KC,1,0,0,NA,4859
071446.gif,NA,NA,KC,1,0,0,NA,4859
071825.gif,NA,NA,KC,1,0,0,NA,4859
072016.gif,NA,NA,KC,1,0,0,NA,4859
072613.gif,NA,NA,KC,1,0,0,NA,4859
074733.gif,NA,NA,KC,1,0,0,NA,4859
074747.gif,NA,NA,KC,1,0,0,NA,4859
074951.gif,fruit (unknown variety),different from other unknowns seen in different directories,MC,0,0,0,NA,4859
080154.gif,fruit (unknown variety),NA,MC,0,0,0,NA,4859
080328.gif,NA,NA,KC,0,1,0,NA,4859
082548.gif,NA,NA,KC,1,0,0,NA,4859
082605.gif,NA,NA,KC,1,0,0,NA,4859
101745.gif,vest,NA,NA,NA,NA,NA,NA,4859
111744.gif,vest,NA,NA,NA,NA,NA,NA,4859
140633.gif,stairs,NA,MC,0,0,0,NA,4859
141513.gif,necklace,from context,KC,0,0,0,NA,4859
142037.gif,NA,NA,MC,1,0,0,NA,4859
142054.gif,NA,NA,MC,1,0,0,NA,4859
144100.gif,NA,NA,MC,1,0,0,NA,4859
20160822_064939_000.gif,tongs,NA,MC,0,0,0,NA,7333
20160822_071235_000.gif,container lid,NA,KC,0,0,0,NA,7333
20160822_071305_000.gif,NA,NA,MC,0,0,1,Natural,7333
20160822_071440_000.gif,NA,NA,MC,0,0,1,Natural,7333
20160822_081421_000.gif,NA,NA,MC,1,0,0,Natural,7333
20160822_090752_000.gif,seafood,NA,MC,0,0,0,NA,7333
20160822_090958_000.gif,seafood,NA,MC,0,0,0,NA,7333
20160822_091013_000.gif,seafood,NA,MC,0,0,0,NA,7333
20160822_092042_000.gif,bottle cap,NA,MC,0,0,0,NA,7333
20160822_122709_000.gif,"sippy cup, palm leaf",NA,KC,0,0,0,NA,7333
20160822_124922_000.gif,"rice ball, leaf",NA,KC,0,0,0,NA,7333
20160822_124937_000.gif,rice ball,NA,KC,0,0,0,NA,7333
20160822_125022_000.gif,container lid,NA,KC,0,0,0,NA,7333
20160822_125419_000.gif,container lid,NA,KC,0,0,0,NA,7333
20160822_125437_000.gif,container lid,NA,KC,0,0,0,NA,7333
20160822_125802_000.gif,leaf,NA,MC,0,0,0,NA,7333
20160822_125850_000.gif,leaf,NA,MC,0,0,0,NA,7333
20160822_125922_000.gif,leaf,NA,MC,0,0,0,NA,7333
20160822_130113_000.gif,NA,NA,MC,1,0,0,Food,7333
20160822_143547_000.gif,betelnut,NA,KC,0,0,0,NA,7333
20160822_144219_000.gif,"container lid, crate",NA,KC,0,0,0,NA,7333
20160822_091255_000.gif,taro,NA,MC,0,0,0,NA,4830
20160822_130240_000.gif,manioc,NA,MC,0,0,0,NA,5797
062016.gif,knife,NA,KC,0,0,0,NA,7849
062031.gif,sugarcane,NA,MC,0,0,0,NA,7849
062048.gif,sugarcane,NA,MC,0,0,0,NA,7849
063957.gif,NA,NA,MC,0,0,1,NA,7849
094611.gif,plastic container,NA,MC,0,0,0,NA,7849
094659.gif,plastic container,NA,MC,0,0,0,NA,7849
074928.gif,leaf,NA,MC,0,0,0,NA,5217
080257.gif,toothbrush,in packaging,MC,0,0,0,NA,5217
080313.gif,"toothbrush, post",from context,KC,0,0,0,NA,5217
080328.gif,toothbrush,from context,KC,0,0,0,NA,5217
080343.gif,toothbrush,in packaging,MC,0,0,0,NA,5217
080400.gif,toothbrush,from context,KC,0,0,0,NA,5217
080415.gif,toothbrush,in packaging,MC,0,0,0,NA,5217
080446.gif,toothbrush,from context,KC,0,0,0,NA,5217
080516.gif,toothbrush,NA,KC,0,0,0,NA,5217
080534.gif,toothbrush,NA,MC,0,0,0,NA,5217
080549.gif,toothbrush,NA,KC,0,0,0,NA,5217
080604.gif,toothbrush,NA,MC,0,0,0,NA,5217
083032.gif,buoy,NA,MC,0,0,0,NA,5217
084005.gif,buoy,NA,MC,0,0,0,NA,5217
094001.gif,turtle,NA,MC,0,0,0,NA,5217
094016.gif,turtle,NA,MC,0,0,0,NA,5217
094031.gif,turtle,NA,MC,0,0,0,NA,5217
094118.gif,turtle,NA,MC,0,0,0,NA,5217
094134.gif,turtle,NA,MC,0,0,0,NA,5217
094149.gif,turtle,NA,MC,0,0,0,NA,5217
094204.gif,turtle,NA,MC,0,0,0,NA,5217
094220.gif,turtle,NA,MC,0,0,0,NA,5217
094236.gif,turtle,NA,MC,0,0,0,NA,5217
094251.gif,turtle,NA,MC,0,0,0,NA,5217
094338.gif,turtle,NA,MC,0,0,0,NA,5217
094355.gif,turtle,NA,MC,0,0,0,NA,5217
094410.gif,turtle,NA,MC,0,0,0,NA,5217
094425.gif,turtle,NA,MC,0,0,0,NA,5217
094441.gif,turtle,NA,MC,0,0,0,NA,5217
094456.gif,turtle,NA,MC,0,0,0,NA,5217
094511.gif,turtle,NA,MC,0,0,0,NA,5217
094528.gif,turtle,NA,MC,0,0,0,NA,5217
094543.gif,turtle,NA,MC,0,0,0,NA,5217
094558.gif,turtle,NA,MC,0,0,0,NA,5217
094614.gif,turtle,NA,MC,0,0,0,NA,5217
094629.gif,"turtle, leaf wrapper",NA,MC,0,0,0,NA,5217
094645.gif,leaf wrapper,NA,MC,0,0,0,NA,5217
094702.gif,leaf wrapper,NA,MC,0,0,0,NA,5217
094717.gif,leaf wrapper,NA,MC,0,0,0,NA,5217
095259.gif,shell money,NA,MC,0,0,0,NA,5217
095314.gif,shell money,NA,MC,0,0,0,NA,5217
095329.gif,shell money,NA,MC,0,0,0,NA,5217
095346.gif,shell money,NA,MC,0,0,0,NA,5217
101251.gif,NA,NA,MC,1,0,0,NA,5217
101326.gif,tongs,NA,KC,0,0,0,NA,5217
101341.gif,tongs,NA,KC,0,0,0,NA,5217
101603.gif,NA,NA,KC,1,0,0,NA,5217
120017.gif,camera,NA,KC,0,0,0,NA,5217
124024.gif,sand,NA,KC,0,0,0,NA,5217
125558.gif,camera,NA,KC,0,0,0,NA,5217
083341.gif,gas canister,NA,MC,0,0,0,NA,7423
083356.gif,gas canister,NA,MC,0,0,0,NA,7423
083411.gif,gas canister,NA,MC,0,0,0,NA,7423
083428.gif,gas canister,NA,MC,0,0,0,NA,7423
083443.gif,gas canister,NA,MC,0,0,0,NA,7423
083458.gif,gas canister,NA,MC,0,0,0,NA,7423
083617.gif,gas canister,NA,MC,0,0,0,NA,7423
083632.gif,gas canister,NA,MC,0,0,0,NA,7423
20160831_073950_000.gif,packaging,NA,MC,0,0,0,NA,1039
20160831_074055_000.gif,packaging,NA,MC,0,0,0,NA,1039
20160831_074110_000.gif,packaging,NA,MC,0,0,0,NA,1039
20160831_074125_000.gif,packaging,NA,MC,0,0,0,NA,1039
20160831_074229_000.gif,packaging,NA,MC,0,0,0,NA,1039
20160831_084401_000.gif,tree seed,NA,MC,0,0,0,NA,1039
20160831_084431_000.gif,tree seed,NA,MC,0,0,0,NA,1039
20160831_084634_000.gif,"tree seed, rope",NA,KC,0,0,0,NA,1039
20160831_084649_000.gif,"tree seed, rope",NA,KC,0,0,0,NA,1039
20160831_084705_000.gif,"tree seed, rope",NA,MC,0,0,0,NA,1039
20160831_091340_000.gif,leaf,NA,KC,0,0,0,NA,1039
20160831_102808_000.gif,NA,NA,MC,0,0,1,Natural,1039
20160831_121704_000.gif,tassel,NA,MC,0,0,0,NA,1039
20160831_121824_000.gif,tassel,NA,MC,0,0,0,NA,1039
20160831_121839_000.gif,tassel,NA,KC,0,0,0,NA,1039
20160831_141323_000.gif,soap bar,NA,MC,0,0,0,NA,1039
20160831_141412_000.gif,soap bar,NA,MC,0,0,0,NA,1039
20160831_141427_000.gif,soap bar,NA,MC,0,0,0,NA,1039
20160831_141547_000.gif,soap bar,NA,MC,0,0,0,NA,1039
20160831_141732_000.gif,soap bar,NA,MC,0,0,0,NA,1039
20160831_150228_000.gif,soap bar,NA,MC,0,0,0,NA,1039
20160831_151606_000.gif,tassel,NA,MC,0,0,0,NA,1039
20160831_151621_000.gif,tassel,NA,MC,0,0,0,NA,1039
20160831_085351_000.gif,NA,NA,MC,0,0,1,Food,2677
20160831_104725_000.gif,spoon,food not identified,MC,0,0,0,NA,2677
20160831_104743_000.gif,spoon,food not identified,MC,0,0,0,NA,2677
20160831_104933_000.gif,spoon,food not identified,MC,0,0,0,NA,2677
20160831_104948_000.gif,spoon,food not identified,MC,0,0,0,NA,2677
20160831_105128_000.gif,bowl,food not identified,MC,0,0,0,NA,2677
20160831_105146_000.gif,bowl,food not identified,MC,0,0,0,NA,2677
20160831_105201_000.gif,NA,food not identified,MC,0,1,0,NA,2677
20160831_105216_000.gif,NA,food not identified,MC,0,1,0,NA,2677
20160831_105232_000.gif,spoon,food not identified,MC,0,0,0,NA,2677
20160831_105247_000.gif,spoon,NA,KC,0,0,0,NA,2677
20160831_105302_000.gif,spoon,NA,KC,0,0,0,NA,2677
20160831_105320_000.gif,spoon,NA,KC,0,0,0,NA,2677
20160831_105335_000.gif,NA,NA,KC,0,1,0,NA,2677
20160831_105350_000.gif,spoon,food not identified,KC,0,0,0,NA,2677
20160831_105408_000.gif,NA,NA,KC,0,1,0,NA,2677
20160831_105423_000.gif,spoon,food not identified,KC,0,0,0,NA,2677
20160831_105438_000.gif,spoon,food not identified,KC,0,0,0,NA,2677
20160831_105455_000.gif,spoon,food not identified,KC,0,0,0,NA,2677
20160831_120650_000.gif,NA,NA,MC,1,0,0,NA,2677
20160831_150820_000.gif,stick,NA,MC,0,0,0,NA,2677
20160831_150835_000.gif,stick,NA,MC,0,0,0,NA,2677
20160831_073340_000.gif,"shirt, post",NA,KC,0,0,0,NA,6191
20160831_141354_000.gif,NA,NA,MC,0,0,1,Natural,6191
20160831_070809_000.gif,NA,NA,KC,1,0,0,NA,5064
20160831_071042_000.gif,NA,NA,KC,1,0,0,NA,5064
20160831_094819_000.gif,spoon,NA,KC,0,0,0,NA,5064
20160831_101509_000.gif,sago,NA,KC,0,0,0,NA,5064
20160831_101525_000.gif,NA,NA,MC,1,0,0,Food,5064
20160831_101541_000.gif,sago,NA,NA,NA,NA,NA,NA,5064
20160831_101612_000.gif,NA,NA,MC,1,0,0,Food,5064
20160831_101629_000.gif,NA,NA,MC,1,0,0,Food,5064
20160831_143908_000.gif,NA,NA,KC,0,1,0,NA,5064
20160831_143923_000.gif,NA,NA,KC,0,1,0,NA,5064
20160831_143938_000.gif,NA,NA,KC,0,1,0,NA,5064
20160831_144009_000.gif,NA,NA,KC,0,1,0,NA,5064
152440.gif,cookie,NA,MC,0,0,0,NA,7512
152743.gif,cookie,NA,MC,0,0,0,NA,7512
152816.gif,cookie,NA,MC,0,0,0,NA,7512
152846.gif,cookie,NA,MC,0,0,0,NA,7512
152916.gif,cookie,NA,MC,0,0,0,NA,7512
152948.gif,cookie,NA,MC,0,0,0,NA,7512
144921.gif,masa,NA,MC,0,0,0,NA,6852
144953.gif,masa,NA,MC,0,0,0,NA,6852
145023.gif,masa,NA,MC,0,0,0,NA,6852
145053.gif,masa,NA,MC,0,0,0,NA,6852
145125.gif,masa,NA,MC,0,0,0,NA,6852
145529.gif,hammock,NA,KC,0,0,0,NA,6852
145600.gif,hammock,NA,KC,0,0,0,NA,6852
145832.gif,embroidery ring,NA,KC,0,0,0,NA,6852
150106.gif,embroidery ring,NA,KC,0,0,0,NA,6852
150136.gif,embroidery ring,NA,KC,0,0,0,NA,6852
150207.gif,embroidery ring,NA,KC,0,0,0,NA,6852
150237.gif,embroidery ring,NA,KC,0,0,0,NA,6852
150339.gif,embroidery ring,NA,KC,0,0,0,NA,6852
150409.gif,embroidery ring,NA,KC,0,0,0,NA,6852
150439.gif,embroidery ring,NA,KC,0,0,0,NA,6852
150511.gif,embroidery ring,NA,KC,0,0,0,NA,6852
150611.gif,hammock,NA,KC,0,0,0,NA,6852
150642.gif,hammock,NA,KC,0,0,0,NA,6852
150742.gif,embroidery ring,NA,KC,0,0,0,NA,6852
150815.gif,embroidery ring,NA,KC,0,0,0,NA,6852
150845.gif,embroidery ring,NA,KC,0,0,0,NA,6852
150915.gif,embroidery ring,NA,KC,0,0,0,NA,6852
150947.gif,embroidery ring,NA,KC,0,0,0,NA,6852
151017.gif,embroidery ring,NA,KC,0,0,0,NA,6852
151416.gif,NA,NA,MC,0,0,1,Synthetic,6852
162313.gif,ladder,NA,MC,0,0,0,NA,6852
170736.gif,spiky toy,NA,KC,0,0,0,NA,6852
194434.gif,tortilla,NA,MC,0,0,0,NA,6852
195534.gif,misc tool,NA,MC,0,0,0,Tool (work),6852
195651.gif,misc tool,NA,MC,0,0,0,Tool (work),6852
195853.gif,misc tool,NA,MC,0,0,0,Tool (work),6852
200529.gif,baby bottle,NA,MC,0,0,0,NA,6852
203046.gif,stick,NA,MC,0,0,0,NA,6852
203116.gif,stick,NA,MC,0,0,0,NA,6852
204158.gif,plant,NA,KC,0,0,0,NA,6852
204625.gif,bean pod,NA,KC,0,0,0,NA,6852
211054.gif,belt,NA,MC,0,0,0,NA,6852
213625.gif,"plastic packaging, trashcan",NA,MC,0,0,0,NA,6852
214254.gif,NA,NA,MC,1,0,0,NA,6852
215531.gif,belt,NA,MC,0,0,0,NA,6852
222307.gif,NA,NA,MC,1,0,0,Synthetic,6852
224847.gif,NA,NA,MC,1,0,0,NA,6852
231117.gif,camera,NA,KC,0,0,0,NA,6852
231656.gif,chips,NA,KC,0,0,0,NA,6852
231727.gif,chips,NA,KC,0,0,0,NA,6852
231828.gif,chips,NA,KC,0,0,0,NA,6852
231858.gif,chips,NA,KC,0,0,0,NA,6852
232000.gif,chips,NA,KC,0,0,0,NA,6852
232057.gif,NA,NA,KC,1,0,0,NA,6852
232127.gif,NA,NA,KC,1,0,0,NA,6852
143738.gif,bean soup,NA,MC,0,0,0,NA,1566
143808.gif,bean soup,NA,MC,0,0,0,NA,1566
143840.gif,bean soup,NA,MC,0,0,0,NA,1566
143910.gif,bean soup,NA,MC,0,0,0,NA,1566
144042.gif,bean soup,NA,MC,0,0,0,NA,1566
144245.gif,bean soup,NA,MC,0,0,0,NA,1566
144417.gif,bean soup,NA,MC,0,0,0,NA,1566
144651.gif,bean soup,NA,MC,0,0,0,NA,1566
144851.gif,bean soup,NA,MC,0,0,0,NA,1566
145327.gif,bean soup,NA,MC,0,0,0,NA,1566
145459.gif,bean soup,NA,MC,0,0,0,NA,1566
145632.gif,bean soup,NA,MC,0,0,0,NA,1566
145804.gif,bean soup,NA,MC,0,0,0,NA,1566
163632.gif,shirt,NA,MC,0,0,0,NA,1566
165511.gif,NA,NA,MC,1,0,0,NA,1566
165612.gif,NA,NA,MC,1,0,0,NA,1566
181658.gif,pants,NA,NA,NA,NA,NA,NA,1566
182456.gif,NA,NA,MC,1,0,0,NA,1566
184143.gif,NA,NA,KC,1,0,0,NA,1566
184647.gif,action figure,from context,KC,0,0,0,NA,1566
190841.gif,NA,NA,MC,0,1,0,NA,1566
191242.gif,canned food,NA,MC,0,0,0,NA,1566
191313.gif,NA,NA,MC,1,0,0,NA,1566
195130.gif,NA,NA,MC,1,0,0,NA,1566
195557.gif,NA,NA,KC,1,0,0,NA,1566
200058.gif,NA,NA,KC,1,0,0,NA,1566
200128.gif,NA,NA,KC,1,0,0,NA,1566
205828.gif,NA,NA,KC,1,0,0,NA,1566
211015.gif,NA,NA,KC,1,0,0,NA,1566
212425.gif,plastic bag,contents unclear,KC,0,0,0,NA,1566
212950.gif,NA,NA,KC,1,0,0,NA,1566
213020.gif,NA,NA,MC,1,0,0,Food,1566
213222.gif,NA,NA,MC,1,0,0,NA,1566
215035.gif,NA,NA,MC,1,0,0,Clothing,1566
222051.gif,NA,NA,MC,1,0,0,Synthetic,1566
222207.gif,NA,NA,MC,1,0,0,Synthetic,1598
193102.gif,jacket,NA,MC,0,0,0,NA,1076
193132.gif,jacket,NA,MC,0,0,0,NA,1076
202329.gif,jacket,NA,MC,0,0,0,NA,1076
193124.gif,misc toy,NA,MC,0,0,0,NA,5449
193225.gif,misc toy,NA,MC,0,0,0,NA,5449
182533.gif,NA,NA,MC,1,0,0,NA,8232
185558.gif,NA,NA,KC,1,0,0,NA,8232
190147.gif,NA,NA,MC,1,0,0,NA,8232
191232.gif,NA,NA,MC,1,0,0,NA,8232
191302.gif,embroidery ring,NA,NA,NA,NA,NA,NA,8232
192146.gif,NA,NA,KC,1,0,0,NA,8232
195143.gif,NA,NA,MC,1,0,0,NA,8232
224132.gif,NA,NA,MC,1,0,0,Food,8232
151131.gif,misc cardboard box,need to double check,KC,0,0,0,NA,7302
151233.gif,misc cardboard box,need to double check,KC,0,0,0,NA,7302
151334.gif,misc cardboard box,need to double check,KC,0,0,0,NA,7302
152250.gif,NA,NA,MC,0,0,1,NA,7302
152320.gif,NA,NA,MC,0,0,1,NA,7302
152448.gif,NA,NA,MC,1,0,0,NA,7302
152621.gif,plastic bag,NA,NA,NA,NA,NA,NA,7302
153157.gif,tsek,NA,MC,0,0,0,NA,7302
153227.gif,pants,NA,KC,0,0,0,NA,7302
153257.gif,pants,NA,KC,0,0,0,NA,7302
181542.gif,NA,NA,MC,1,0,0,Synthetic,7302
184851.gif,"plastic bag, toy tray",NA,NA,NA,NA,NA,NA,7302
190936.gif,shoe,NA,NA,NA,NA,NA,NA,7302
203704.gif,NA,NA,MC,0,0,1,NA,7302
215615.gif,paper,NA,MC,0,0,0,NA,7302
233308.gif,corn,NA,KC,0,0,0,NA,7302
151503.gif,food,NA,MC,1,0,0,Food,5978
151533.gif,food,NA,MC,1,0,0,Food,5978
151603.gif,food,NA,MC,1,0,0,Food,5978
151735.gif,food,NA,MC,1,0,0,Food,5978
152039.gif,food,NA,MC,1,0,0,Food,5978
152112.gif,food,NA,MC,1,0,0,Food,5978
153834.gif,NA,NA,MC,1,0,0,NA,5978
154005.gif,NA,NA,MC,1,0,0,NA,5978
154340.gif,packaged snack,NA,MC,0,0,0,NA,5978
154645.gif,packaged snack,NA,MC,0,0,0,NA,5978
154715.gif,packaged snack,NA,MC,0,0,0,NA,5978
155532.gif,NA,NA,MC,1,0,0,NA,5978
170541.gif,shirt,NA,KC,0,0,0,NA,5978
184454.gif,NA,NA,MC,1,0,0,Natural,5978
184627.gif,lime,NA,KC,0,0,0,NA,5978
184931.gif,water bottle,unidentified natural object,MC,0,0,0,NA,5978
190019.gif,vest,NA,KC,0,0,0,NA,5978
190049.gif,vest,NA,KC,0,0,0,NA,5978
190926.gif,stick,NA,MC,0,0,0,NA,5978
193730.gif,NA,NA,MC,1,0,0,NA,5978
193931.gif,NA,NA,MC,1,0,0,Food,5978
202043.gif,"bowl, mats",NA,KC,0,0,0,NA,5978
202113.gif,"bowl, mats",NA,KC,0,0,0,NA,5978
202144.gif,"bowl, mats",NA,KC,0,0,0,NA,5978
202953.gif,bean pod,NA,KC,0,0,0,NA,5978
203054.gif,bean pod,NA,KC,0,0,0,NA,5978
204005.gif,NA,NA,MC,0,0,1,Synthetic,5978
24000302.gif,NA,NA,MC,1,0,0,NA,5978
24000605.gif,NA,NA,KC,1,0,0,NA,5978
150704.gif,NA,NA,MC,1,0,0,Synthetic,1129
155913.gif,NA,NA,MC,1,0,0,NA,1129
160046.gif,NA,NA,KC,1,0,0,NA,1129
161228.gif,tortilla,NA,KC,0,0,0,NA,1129
184143.gif,tortilla,NA,KC,0,0,0,NA,1129
190455.gif,NA,NA,MC,1,0,0,Food,1129
190525.gif,NA,NA,MC,0,0,1,Food,1129
190557.gif,leaf,NA,MC,0,0,0,NA,1129
190900.gif,misc plastic,NA,MC,0,0,0,NA,1129
190930.gif,misc plastic,NA,MC,0,0,0,NA,1129
191740.gif,black beans,NA,KC,0,0,0,NA,1129
192211.gif,"black beans, misc plastic",NA,KC,0,0,0,NA,1129
203637.gif,ball,NA,KC,0,0,0,NA,1129
203707.gif,NA,NA,MC,1,0,0,Synthetic,1129
203839.gif,NA,NA,KC,1,0,0,NA,1129
233929.gif,NA,NA,KC,1,0,0,Food,1129
234001.gif,NA,NA,MC,1,0,0,NA,1129
234336.gif,NA,NA,MC,1,0,0,NA,1129
150408.gif,camera cover,NA,MC,0,0,0,NA,4197
181002.gif,NA,NA,MC,1,0,0,Synthetic,4197
181034.gif,NA,NA,MC,1,0,0,NA,4197
184733.gif,NA,NA,MC,1,0,0,Food,4197
191016.gif,NA,NA,MC,1,0,0,Food,4197
191049.gif,NA,NA,MC,1,0,0,Food,4197
215736.gif,flower,NA,MC,0,0,0,NA,4197
145552.gif,NA,NA,KC,1,0,0,NA,5106
190122.gif,NA,NA,MC,0,0,1,Food,5106
191707.gif,NA,NA,KC,1,0,0,NA,5106
144738.gif,NA,NA,MC,1,0,0,NA,9615
164637.gif,salt,NA,MC,0,0,0,NA,9615
164707.gif,salt,NA,MC,0,0,0,NA,9615
164809.gif,salt,NA,MC,0,0,0,NA,9615
164839.gif,salt,NA,MC,0,0,0,NA,9615
170527.gif,NA,NA,MC,0,0,1,Synthetic,9615
171008.gif,NA,NA,MC,0,0,1,Synthetic,9615
171039.gif,detergent,NA,MC,0,0,0,NA,9615
171140.gif,detergent,NA,MC,0,0,0,NA,9615
171241.gif,gas canister,NA,MC,0,0,0,NA,9615
171615.gif,detergent,NA,MC,0,0,0,NA,9615
171717.gif,detergent,NA,MC,0,0,0,NA,9615
183718.gif,pill packaging,NA,MC,0,0,0,NA,9615
183748.gif,pill packaging,NA,MC,0,0,0,NA,9615
184827.gif,NA,NA,MC,1,0,0,NA,9615
203345.gif,rice,NA,MC,0,0,0,NA,9615
232206.gif,rock,NA,KC,0,0,0,NA,9615
155750.gif,rice puff,NA,KC,0,0,0,NA,1312
155820.gif,rice puff,NA,KC,0,0,0,NA,1312
155850.gif,rice puff,NA,KC,0,0,0,NA,1312
160022.gif,rice puff,NA,KC,0,0,0,NA,1312
165928.gif,powdered juice,NA,MC,0,0,0,NA,1312
181154.gif,packaged snack,NA,MC,0,0,0,NA,1312
181224.gif,packaged snack,NA,MC,0,0,0,NA,1312
190122.gif,NA,NA,MC,0,0,1,Synthetic,1312
192902.gif,"purse, misc toy",NA,MC,0,0,0,NA,1312
195432.gif,"misc toy, plastic packaging",NA,MC,0,0,0,NA,1312
195502.gif,"misc toy, plastic packaging",NA,MC,0,0,0,NA,1312
195532.gif,"misc toy, plastic packaging",NA,MC,0,0,0,NA,1312
195602.gif,string,unclear what it's attached to,MC,0,0,0,NA,1312
195633.gif,string,unclear what it's attached to,MC,0,0,0,NA,1312
195703.gif,string,unclear what it's attached to,MC,0,0,0,NA,1312
195735.gif,string,unclear what it's attached to,MC,0,0,0,NA,1312
195805.gif,string,unclear what it's attached to,MC,0,0,0,NA,1312
195835.gif,string,unclear what it's attached to,MC,0,0,0,NA,1312
195907.gif,string,unclear what it's attached to,MC,0,0,0,NA,1312
200007.gif,string,unclear what it's attached to,MC,0,0,0,NA,1312
200040.gif,string,unclear what it's attached to,MC,0,0,0,NA,1312
200110.gif,string,unclear what it's attached to,MC,0,0,0,NA,1312
200343.gif,"misc toy, plastic packaging",NA,KC,0,0,0,NA,1312
200413.gif,NA,NA,MC,0,0,1,NA,1312
210230.gif,NA,NA,MC,0,0,1,NA,1312
232909.gif,plastic bag,NA,MC,0,0,0,NA,1312
232939.gif,plastic bag,NA,MC,0,0,0,NA,1312
233009.gif,NA,NA,KC,1,0,0,Synthetic,1312
043504.gif,post,NA,MC,0,0,0,NA,5437
043535.gif,post,NA,MC,0,0,0,NA,5437
043605.gif,post,NA,MC,0,0,0,NA,5437
043706.gif,post,NA,MC,0,0,0,NA,5437
114820.gif,clothesline,NA,MC,0,0,0,NA,5437
031253.gif,paper towel,NA,KC,0,0,0,NA,5377
230211.gif,NA,NA,KC,1,0,0,NA,7674
153739.gif,NA,NA,KC,1,0,0,NA,8532
165938.gif,wire,NA,MC,0,0,0,NA,8532
173040.gif,stick,NA,MC,0,0,0,NA,8532
220013.gif,patio edge (concrete ground),NA,MC,0,0,0,NA,8532
223921.gif,NA,NA,MC,1,0,0,NA,8532
223952.gif,NA,NA,KC,1,0,0,NA,8532
155000.gif,NA,NA,MC,1,0,0,Natural,7328
155032.gif,NA,NA,MC,1,0,0,Natural,7328
155102.gif,NA,NA,MC,1,0,0,Natural,7328
155132.gif,NA,NA,MC,1,0,0,Natural,7328
203616.gif,shovel,NA,KC,0,0,0,NA,7328
20160811_074145_000.gif,packaged candy,NA,KC,NA,NA,NA,NA,3946
20160811_074155_000.gif,packaged candy,NA,KC,NA,NA,NA,NA,3946
20160811_074207_000.gif,packaged candy,NA,KC,NA,NA,NA,NA,3946
20160811_075147_000.gif,NA,NA,KC,1,NA,NA,NA,3946
20160811_081150_000.gif,fruit (unknown variety),NA,KC,NA,NA,NA,NA,3946
20160811_081324_000.gif,fruit (unknown variety),NA,KC,NA,NA,NA,NA,3946
20160811_081510_000.gif,fruit (unknown variety),NA,KC,NA,NA,NA,NA,3946
20160811_081520_000.gif,fruit (unknown variety),NA,KC,NA,NA,NA,NA,3946
20160811_081531_000.gif,fruit (unknown variety),NA,KC,NA,NA,NA,NA,3946
20160811_081541_000.gif,fruit (unknown variety),NA,KC,NA,NA,NA,NA,3946
20160811_081602_000.gif,fruit (unknown variety),NA,KC,NA,NA,NA,NA,3946
20160811_081736_000.gif,fruit (unknown variety),NA,KC,NA,NA,NA,NA,3946
20160811_081852_000.gif,"fruit (unknown variety), misc container",NA,KC,NA,NA,NA,NA,3946
20160811_081913_000.gif,fruit (unknown variety),NA,KC,NA,NA,NA,NA,3946
20160811_081923_000.gif,fruit (unknown variety),NA,KC,NA,NA,NA,NA,3946
20160811_081933_000.gif,fruit (unknown variety),NA,KC,NA,NA,NA,NA,3946
20160811_082109_000.gif,fruit (unknown variety),NA,KC,NA,NA,NA,NA,3946
20160811_082201_000.gif,fruit (unknown variety),NA,KC,NA,NA,NA,NA,3946
20160811_082214_000.gif,fruit (unknown variety),NA,KC,NA,NA,NA,NA,3946
20160811_082305_000.gif,fruit (unknown variety),NA,KC,NA,NA,NA,NA,3946
20160811_082502_000.gif,fruit (unknown variety),NA,KC,NA,NA,NA,NA,3946
20160811_082534_000.gif,"fruit (unknown variety), stick",NA,KC,NA,NA,NA,NA,3946
20160811_082606_000.gif,fruit (unknown variety),NA,KC,NA,NA,NA,NA,3946
20160811_082616_000.gif,fruit (unknown variety),NA,KC,NA,NA,NA,NA,3946
20160811_082627_000.gif,fruit (unknown variety),NA,KC,NA,NA,NA,NA,3946
20160811_082720_000.gif,fruit (unknown variety),NA,KC,NA,NA,NA,NA,3946
20160811_082948_000.gif,NA,NA,KC,1,NA,NA,NA,3946
20160811_083113_000.gif,NA,context needed,KC,1,NA,NA,NA,3946
20160811_083217_000.gif,fruit (unknown variety),NA,KC,NA,NA,NA,NA,3946
20160811_083235_000.gif,ball,NA,MC,NA,NA,NA,NA,3946
20160811_083548_000.gif,ball,NA,MC,NA,NA,NA,NA,3946
20160811_083558_000.gif,ball,NA,MC,NA,NA,NA,NA,3946
20160811_083608_000.gif,fruit (unknown variety),NA,KC,NA,NA,NA,NA,3946
20160811_084003_000.gif,fruit (unknown variety),NA,KC,NA,NA,NA,NA,3946
20160811_084041_000.gif,ball,made from buoy,MC,NA,NA,NA,NA,3946
20160811_084113_000.gif,ball,NA,MC,NA,NA,NA,NA,3946
20160811_084133_000.gif,ball,NA,MC,NA,NA,NA,NA,3946
20160811_084145_000.gif,ball,NA,MC,NA,NA,NA,NA,3946
20160811_084217_000.gif,ball,NA,MC,NA,NA,NA,NA,3946
20160811_084310_000.gif,ball,NA,MC,NA,NA,NA,NA,3946
20160811_084353_000.gif,ball,NA,MC,NA,NA,NA,NA,3946
20160811_084425_000.gif,ball,NA,MC,NA,NA,NA,NA,3946
20160811_084526_000.gif,ball,NA,MC,NA,NA,NA,NA,3946
20160811_084557_000.gif,ball,NA,MC,NA,NA,NA,NA,3946
20160811_084652_000.gif,ball,NA,MC,NA,NA,NA,NA,3946
20160811_084724_000.gif,ball,NA,MC,NA,NA,NA,NA,3946
20160811_084746_000.gif,ball,NA,MC,NA,NA,NA,NA,3946
20160811_084842_000.gif,ball,NA,MC,NA,NA,NA,NA,3946
20160811_084904_000.gif,ball,NA,MC,NA,NA,NA,NA,3946
20160811_084927_000.gif,ball,NA,MC,NA,NA,NA,NA,3946
20160811_085018_000.gif,ball,NA,MC,NA,NA,NA,NA,3946
20160811_085031_000.gif,ball,NA,MC,NA,NA,NA,NA,3946
20160811_085041_000.gif,ball,NA,MC,NA,NA,NA,NA,3946
20160811_085051_000.gif,ball,NA,MC,NA,NA,NA,NA,3946
20160811_085217_000.gif,ball,NA,MC,NA,NA,NA,NA,3946
20160811_085227_000.gif,NA,context,KC,1,NA,NA,NA,3946
20160811_085259_000.gif,"ball, leaf",NA,KC,NA,NA,NA,NA,3946
20160811_085320_000.gif,"ball, leaf",NA,KC,NA,NA,NA,NA,3946
20160811_085330_000.gif,ball,NA,KC,NA,NA,NA,NA,3946
20160811_085402_000.gif,NA,NA,KC,1,NA,NA,NA,3946
20160811_085414_000.gif,NA,NA,KC,1,NA,NA,NA,3946
20160811_092244_000.gif,sago,NA,KC,NA,NA,NA,NA,3946
20160811_092429_000.gif,dress,NA,KC,NA,NA,NA,NA,3946
20160811_102035_000.gif,"misc plastic, leaf",NA,KC,NA,NA,NA,NA,3946
20160811_102046_000.gif,"misc plastic, leaf",NA,KC,NA,NA,NA,NA,3946
20160811_102058_000.gif,"misc plastic, leaf",NA,KC,NA,NA,NA,NA,3946
20160811_102118_000.gif,"misc plastic, leaf",NA,KC,NA,NA,NA,NA,3946
20160811_102130_000.gif,"misc plastic, leaf",NA,KC,NA,NA,NA,NA,3946
20160811_102150_000.gif,"misc plastic, leaf",NA,KC,NA,NA,NA,NA,3946
20160811_102201_000.gif,"misc plastic, leaf",NA,KC,NA,NA,NA,NA,3946
20160811_102307_000.gif,"misc plastic, leaf",NA,KC,NA,NA,NA,NA,3946
20160811_102317_000.gif,"misc plastic, leaf",NA,KC,NA,NA,NA,NA,3946
20160811_102327_000.gif,"misc plastic, leaf",NA,KC,NA,NA,NA,NA,3946
20160811_102348_000.gif,"misc plastic, leaf",NA,KC,NA,NA,NA,NA,3946
20160811_102358_000.gif,"misc plastic, leaf",NA,KC,NA,NA,NA,NA,3946
20160811_102517_000.gif,chapstick container,NA,KC,NA,NA,NA,NA,3946
20160811_102809_000.gif,shirt,NA,MC,NA,NA,NA,NA,3946
20160811_102924_000.gif,shirt,NA,MC,NA,NA,NA,NA,3946
20160811_102935_000.gif,shirt,NA,MC,NA,NA,NA,NA,3946
20160811_102947_000.gif,shirt,NA,MC,NA,NA,NA,NA,3946
143145.gif,shoe,NA,KC,NA,NA,NA,NA,7959
145054.gif,toy plant,NA,KC,NA,NA,NA,NA,7959
145154.gif,NA,NA,KC,1,NA,NA,Synthetic,7959
145755.gif,NA,NA,KC,1,NA,NA,Synthetic,7959
145922.gif,embroidery ring,NA,NA,NA,NA,NA,NA,7959
145952.gif,NA,NA,KC,1,NA,NA,Synthetic,7959
151006.gif,shield,NA,MC,NA,NA,NA,Synthetic,7959
152143.gif,misc packaging,NA,KC,NA,NA,NA,NA,7959
152214.gif,NA,cannot figure out the shape,KC,1,NA,NA,NA,7959
152244.gif,NA,NA,KC,1,NA,NA,NA,7959
152815.gif,misc packaging,NA,KC,NA,NA,NA,NA,7959
154513.gif,misc packaging,NA,NA,NA,NA,NA,NA,7959
160105.gif,NA,"many object show, he is just reaching so it is hard to determine what for in specific",KC,NA,1,NA,NA,7959
160236.gif,water bottle,NA,KC,NA,NA,NA,NA,7959
161317.gif,zebra toy,NA,KC,NA,NA,NA,NA,7959
164011.gif,zebra toy,NA,KC,NA,NA,NA,NA,7959
164848.gif,NA,NA,KC,1,NA,NA,NA,7959
165702.gif,NA,NA,KC,1,NA,NA,NA,7959
165735.gif,NA,NA,KC,1,NA,NA,NA,7959
165835.gif,peach,may be tape,KC,1,NA,NA,NA,7959
165906.gif,NA,NA,KC,1,NA,NA,NA,7959
165936.gif,NA,NA,KC,1,NA,NA,NA,7959
170006.gif,NA,NA,KC,1,NA,NA,NA,7959
170038.gif,NA,NA,KC,1,NA,NA,NA,7959
170108.gif,NA,NA,KC,1,NA,NA,NA,7959
170138.gif,NA,NA,KC,1,NA,NA,NA,7959
170211.gif,NA,NA,KC,1,NA,NA,NA,7959
172657.gif,shoe,NA,KC,NA,NA,NA,NA,7959
172727.gif,sugarcane,NA,KC,NA,NA,NA,NA,7959
173516.gif,NA,NA,KC,1,NA,NA,NA,7959
173551.gif,sugarcane,NA,NA,NA,NA,NA,NA,7959
173623.gif,sugarcane,NA,NA,NA,NA,NA,NA,7959
173654.gif,sugarcane,NA,NA,NA,NA,NA,NA,7959
174351.gif,sugarcane,NA,NA,NA,NA,NA,NA,7959
174423.gif,sugarcane,NA,NA,NA,NA,NA,NA,7959
174453.gif,sugarcane,NA,NA,NA,NA,NA,NA,7959
174758.gif,sugarcane,NA,NA,NA,NA,NA,NA,7959
174828.gif,sugarcane,NA,NA,NA,NA,NA,NA,7959
174859.gif,sugarcane,NA,NA,NA,NA,NA,NA,7959
175727.gif,sugarcane,NA,NA,NA,NA,NA,NA,7959
175930.gif,stick,NA,NA,NA,NA,NA,NA,7959
180109.gif,stick,NA,NA,NA,NA,NA,NA,7959
180139.gif,stick,NA,NA,NA,NA,NA,NA,7959
212331.gif,tortilla,NA,KC,NA,NA,NA,NA,7959
213746.gif,phone,NA,KC,NA,NA,NA,NA,7959
215659.gif,peanut,NA,KC,1,NA,NA,NA,7959
215902.gif,"plastic bag, peanut",NA,KC,NA,NA,NA,NA,7959
220002.gif,peanut,NA,KC,1,NA,NA,NA,7959
220105.gif,peanut,NA,KC,NA,NA,NA,NA,7959
220541.gif,peanut,NA,KC,NA,NA,NA,NA,7959
220611.gif,NA,NA,KC,1,NA,NA,NA,7959
220913.gif,peanut,NA,NA,NA,NA,NA,NA,7959
221115.gif,bucket,NA,NA,NA,NA,NA,NA,7959
221248.gif,peanut,NA,NA,NA,NA,NA,NA,7959
223900.gif,peanut,NA,NA,NA,NA,NA,NA,7959
224507.gif,NA,NA,KC,NA,NA,1,Synthetic,7959
224538.gif,NA,NA,KC,NA,NA,1,Synthetic,7959
230129.gif,NA,NA,KC,NA,NA,1,Synthetic,7959
231932.gif,knife,NA,KC,NA,NA,NA,NA,7959
232003.gif,stick,NA,KC,NA,NA,NA,NA,7959
143113.gif,NA,NA,KC,NA,1,NA,NA,4856
153253.gif,shoe,not sure what black object is,KC,NA,NA,NA,NA,4856
153455.gif,"stick, shoe",not sure what black object is,KC,NA,NA,NA,NA,4856
153525.gif,"stick, shoe",not sure what black object is,KC,NA,NA,NA,NA,4856
153557.gif,shoe,not sure what black object is,KC,NA,NA,NA,NA,4856
154034.gif,shoe,NA,KC,NA,NA,NA,NA,4856
154134.gif,"shoe, hose",NA,KC,NA,NA,NA,NA,4856
155955.gif,shoe,NA,KC,NA,NA,NA,NA,4856
160025.gif,shoe,NA,KC,NA,NA,NA,NA,4856
170642.gif,lime,NA,KC,NA,NA,NA,NA,4856
170712.gif,lime,NA,KC,NA,NA,NA,NA,4856
171250.gif,lime,NA,KC,NA,NA,NA,NA,4856
171350.gif,lime,NA,KC,NA,NA,NA,NA,4856
171422.gif,lime,NA,KC,NA,NA,NA,NA,4856
171726.gif,NA,NA,KC,NA,1,NA,NA,4856
181733.gif,NA,NA,KC,NA,1,NA,Food,4856
181935.gif,NA,NA,KC,1,NA,NA,NA,4856
182005.gif,NA,NA,KC,1,NA,NA,NA,4856
182108.gif,NA,NA,KC,1,NA,NA,NA,4856
182615.gif,lime,NA,KC,NA,NA,NA,NA,4856
182717.gif,stick,NA,KC,NA,NA,NA,NA,4856
204040.gif,plastic bottle,NA,MC,NA,NA,NA,NA,4856
204112.gif,plastic bottle,NA,MC,NA,NA,NA,NA,4856
204142.gif,plastic bottle,NA,MC,NA,NA,NA,NA,4856
204212.gif,plastic bottle,NA,MC,NA,NA,NA,NA,4856
204314.gif,plastic bottle,NA,MC,NA,NA,NA,NA,4856
204403.gif,plastic bottle,NA,MC,NA,NA,NA,NA,4856
204459.gif,plastic bottle,NA,MC,NA,NA,NA,NA,4856
204530.gif,plastic bottle,NA,MC,NA,NA,NA,NA,4856
204726.gif,plastic bottle,NA,MC,NA,NA,NA,NA,4856
204756.gif,plastic bottle,NA,MC,NA,NA,NA,NA,4856
204828.gif,plastic bottle,NA,MC,NA,NA,NA,NA,4856
204928.gif,plastic bottle,NA,MC,NA,NA,NA,NA,4856
205000.gif,plastic bottle,NA,MC,NA,NA,NA,NA,4856
205100.gif,plastic bottle,NA,MC,NA,NA,NA,NA,4856
205132.gif,plastic bottle,NA,MC,NA,NA,NA,NA,4856
205152.gif,plastic bottle,NA,MC,NA,NA,NA,NA,4856
212448.gif,NA,NA,KC,1,NA,NA,Synthetic,4856
212852.gif,NA,NA,KC,1,NA,NA,Synthetic,4856
212953.gif,NA,may be a magazine/book,KC,1,NA,NA,Synthetic,4856
213925.gif,plastic bottle,NA,KC,NA,NA,NA,NA,4856
215026.gif,NA,NA,KC,1,NA,NA,NA,4856
215057.gif,NA,NA,KC,1,NA,NA,NA,4856
232806.gif,grinder,NA,MC,NA,NA,NA,NA,4856
234051.gif,hose,NA,KC,NA,NA,NA,NA,4856
174219.gif,tortilla,NA,KC,NA,NA,NA,NA,1494
174249.gif,tortilla,NA,KC,NA,NA,NA,NA,1494
152337.gif,NA,NA,KC,1,NA,NA,NA,3158
155043.gif,NA,NA,KC,1,NA,NA,NA,3158
161105.gif,stick,NA,KC,NA,NA,NA,NA,3158
161306.gif,stick,NA,KC,NA,NA,NA,NA,3158
181822.gif,glasses,could be sunglasses,KC,NA,NA,NA,NA,3158
182053.gif,NA,cannot see hand,NA,NA,1,NA,NA,3158
182529.gif,bottle cap,NA,KC,NA,NA,NA,NA,3158
183335.gif,NA,NA,KC,NA,NA,1,NA,3158
185057.gif,NA,NA,KC,1,NA,NA,NA,3158
191844.gif,mango,NA,KC,NA,NA,NA,NA,3158
213631.gif,NA,NA,KC,NA,1,NA,NA,3158
213703.gif,stick,NA,KC,NA,NA,NA,NA,3158
213835.gif,NA,NA,KC,1,NA,NA,NA,3158
213935.gif,NA,NA,KC,1,NA,NA,NA,3158
214407.gif,NA,NA,KC,1,NA,NA,NA,3158
214842.gif,shirt,NA,KC,NA,NA,NA,NA,3158
214912.gif,shirt,NA,KC,NA,NA,NA,NA,3158
215117.gif,plastic bottle,NA,KC,NA,NA,NA,NA,3158
215319.gif,plastic bottle,NA,KC,NA,NA,NA,NA,3158
223057.gif,vest,NA,KC,NA,NA,NA,NA,3158
223329.gif,NA,NA,KC,NA,1,NA,NA,3158
034834.gif,"hair clip, clothing",NA,MC,NA,NA,NA,NA,4313
035358.gif,NA,NA,MC,NA,NA,1,NA,4313
035459.gif,NA,NA,MC,NA,NA,1,NA,4313
035601.gif,NA,NA,MC,NA,NA,1,NA,4313
083553.gif,NA,NA,MC,NA,NA,1,Synthetic,4313